repo_name;loc_total;loc_media;loc_mediana;cbo_total;cbo_media;cbo_mediana;dit_total;dit_media;dit_mediana;lcom_total;lcom_media;lcom_mediana
JavaGuide;0;0;0;0;0;0;0;0;0;0;0;0
react-native;66100;49.40;16.00;7341;5.49;3.00;1934;1.45;1.00;76283;57.01;0.00
LeetCodeAnimation;78;19.50;18.50;4;1.00;1.00;4;1.00;1.00;0;0.00;0.00
advanced-java;0;0;0;0;0;0;0;0;0;0;0;0
interviews;5621;21.87;20.00;307;1.19;1.00;258;1.00;1.00;75;0.29;0.00
GitHub-Chinese-Top-Charts;5;5.00;5.00;0;0.00;0.00;1;1.00;1.00;0;0.00;0.00
Java;30805;36.07;26.50;1539;1.80;2.00;883;1.03;1.00;4761;5.57;1.00
guava;259631;40.11;9.00;24428;3.77;2.00;11661;1.80;1.00;305385;47.18;0.00
RxJava;370187;31.20;5.00;29948;2.52;1.00;15641;1.32;1.00;562598;47.42;0.00
ghidra;1683410;71.48;24.00;164888;7.00;4.00;43978;1.87;1.00;3934170;167.06;1.00
retrofit;26753;24.48;6.00;4520;4.14;3.00;1293;1.18;1.00;18295;16.74;0.00
MPAndroidChart;21111;68.99;25.00;2706;8.84;5.00;606;1.98;1.00;27856;91.03;1.00
jadx;113100;44.70;19.00;11354;4.49;3.00;4309;1.70;1.00;76903;30.40;0.00
lottie-android;16387;59.37;24.00;1897;6.87;5.00;359;1.30;1.00;8312;30.12;1.00
dbeaver;435209;55.12;19.00;57592;7.29;4.00;12596;1.60;1.00;408674;51.76;1.00
cat;97994;51.79;26.00;10176;5.38;4.00;2714;1.43;1.00;43578;23.03;1.00
AndroidUtilCode;39929;59.60;14.00;2791;4.17;2.00;914;1.36;1.00;97104;144.93;0.00
netty;316909;46.91;11.00;29324;4.34;2.00;10256;1.52;1.00;450310;66.65;0.00
zxing;39779;66.86;31.00;2952;4.96;4.00;989;1.66;2.00;13570;22.81;0.00
spring-boot-demo;7163;14.86;7.00;2435;5.05;4.00;545;1.13;1.00;1119;2.32;0.00
spring-boot-examples;4461;14.53;7.00;1451;4.73;4.00;315;1.03;1.00;1545;5.03;0.00
easyexcel;20387;36.67;15.00;3695;6.65;5.00;760;1.37;1.00;17957;32.30;1.00
halo;33948;34.19;18.00;7481;7.53;6.00;1222;1.23;1.00;5850;5.89;0.00
apollo;27981;44.27;26.00;4639;7.34;6.00;819;1.30;1.00;8086;12.79;0.00
selenium;80124;44.96;20.00;10283;5.77;4.00;2571;1.44;1.00;54556;30.62;1.00
nacos;121903;45.97;23.00;13719;5.17;3.00;3482;1.31;1.00;50139;18.91;0.00
hello-algo;3856;35.70;29.50;219;2.03;2.00;108;1.00;1.00;506;4.69;1.00
druid;321750;56.01;20.00;28649;4.99;4.00;11191;1.95;2.00;1229153;213.95;0.00
hutool;118778;50.80;20.00;8561;3.66;3.00;3034;1.30;1.00;251214;107.45;1.00
JCSprout;4399;27.15;15.00;318;1.96;1.00;177;1.09;1.00;286;1.77;0.00
canal;109345;106.57;29.00;5937;5.79;4.00;1419;1.38;1.00;76706;74.76;1.00
vhr;2971;31.61;20.00;417;4.44;2.00;96;1.02;1.00;4543;48.33;6.00
SpringAll;6031;15.96;11.00;1982;5.24;4.00;420;1.11;1.00;1417;3.75;0.00
kafka;489230;70.81;25.00;49937;7.23;4.00;9276;1.34;1.00;288360;41.74;0.00
butterknife;7712;28.35;8.00;1077;3.96;2.00;336;1.24;1.00;2851;10.48;0.00
NewPipe;39513;72.24;24.00;4579;8.37;5.00;909;1.66;1.00;23970;43.82;1.00
xxl-job;8607;52.80;31.00;763;4.68;3.00;185;1.13;1.00;3366;20.65;0.00
proxyee-down;3392;56.53;36.50;331;5.52;4.00;88;1.47;1.00;1171;19.52;2.00
toBeTopJavaer;0;0;0;0;0;0;0;0;0;0;0;0
termux-app;24090;75.52;31.00;1894;5.94;4.00;455;1.43;1.00;18935;59.36;0.00
EventBus;5269;28.79;8.00;627;3.43;3.00;336;1.84;1.00;1657;9.05;0.00
SmartRefreshLayout;19004;45.79;9.00;2597;6.26;4.00;680;1.64;1.00;11468;27.63;0.00
seata;185827;71.69;24.00;18487;7.13;5.00;5148;1.99;1.00;1864013;719.14;3.00
Signal-Android;210913;48.99;19.00;28957;6.73;4.00;6733;1.56;1.00;141489;32.87;1.00
Hystrix;62010;30.93;8.00;6698;3.34;2.00;3148;1.57;1.00;40609;20.25;0.00
Telegram;1198907;115.24;20.00;66846;6.43;3.00;17054;1.64;1.00;553494;53.20;0.00
gson;35423;32.41;7.00;3200;2.93;2.00;1334;1.22;1.00;20640;18.88;0.00
redisson;145751;60.05;16.00;14593;6.01;3.00;3247;1.34;1.00;430360;177.32;1.00
jenkins;176501;44.81;16.00;23834;6.05;4.00;7635;1.94;2.00;174092;44.20;0.00
bazel;608015;53.82;18.00;84261;7.46;5.00;17885;1.58;1.00;747317;66.15;1.00
ExoPlayer;262348;79.96;25.00;24896;7.59;5.00;4249;1.30;1.00;171334;52.22;0.00
eladmin;7732;27.32;11.00;2189;7.73;4.00;334;1.18;1.00;1728;6.11;0.00
RxAndroid;1452;26.40;6.00;125;2.27;1.00;62;1.13;1.00;170;3.09;0.00
rocketmq;185852;73.40;28.00;16477;6.51;3.00;3315;1.31;1.00;273623;108.07;1.00
DoKit;80443;51.27;14.00;7066;4.50;2.00;2072;1.32;1.00;112602;71.77;0.00
graal;1555410;55.58;17.00;177656;6.35;4.00;62669;2.24;1.00;2633360;94.10;1.00
GSYVideoPlayer;30339;50.73;14.00;3279;5.48;2.00;946;1.58;1.00;33992;56.84;0.00
mybatis-3;54553;34.33;16.00;5605;3.53;2.00;2012;1.27;1.00;34216;21.53;0.00
PhotoView;1792;39.82;14.00;213;4.73;3.00;61;1.36;1.00;1107;24.60;0.00
litemall;90884;147.30;37.00;2849;4.62;3.00;695;1.13;1.00;945790;1532.88;1.00
SpringCloudLearning;1123;7.85;5.00;651;4.55;4.00;150;1.05;1.00;78;0.55;0.00
fresco;67566;50.54;18.00;9043;6.76;5.00;1853;1.39;1.00;35732;26.73;0.00
tinker;39518;77.79;28.00;2403;4.73;3.00;808;1.59;1.00;13771;27.11;0.00
Android-Universal-Image-Loader;7434;53.10;28.50;681;4.86;3.00;222;1.59;1.00;4038;28.84;0.50
zheng;41742;82.01;16.00;2290;4.50;3.00;717;1.41;1.00;173496;340.86;0.00
java8-tutorial;2081;23.65;19.00;91;1.03;1.00;88;1.00;1.00;344;3.91;0.00
zipkin;37510;47.97;24.00;5130;6.56;5.00;1235;1.58;1.00;14718;18.82;1.00
disruptor;13157;32.09;13.00;1836;4.48;3.00;529;1.29;1.00;10612;25.88;0.00
APIJSON;12290;183.43;14.00;374;5.58;2.00;85;1.27;1.00;55777;832.49;5.00
springboot-learning-example;1641;14.39;9.50;526;4.61;3.50;119;1.04;1.00;325;2.85;0.00
elasticsearch-analysis-ik;2051;73.25;40.00;131;4.68;4.50;35;1.25;1.00;477;17.04;1.00
Android-CleanArchitecture;2260;21.52;13.00;540;5.14;4.00;150;1.43;1.00;706;6.72;1.00
material-components-android;103364;53.34;14.00;13631;7.03;4.00;2939;1.52;1.00;151606;78.23;1.00
SpringBoot-Learning;2790;10.37;7.00;1198;4.45;4.00;276;1.03;1.00;391;1.45;0.00
antlr4;40886;61.95;20.00;3809;5.77;3.00;1213;1.84;1.00;31907;48.34;0.00
Algorithms;32494;70.18;47.00;1209;2.61;2.00;488;1.05;1.00;7501;16.20;3.00
JustAuth;5385;30.60;17.00;948;5.39;2.00;235;1.34;1.00;2371;13.47;6.00
VirtualXposed;47736;32.85;8.00;5735;3.95;2.00;4058;2.79;2.00;21353;14.70;0.00
CircleImageView;360;120.00;12.00;33;11.00;5.00;7;2.33;2.00;536;178.67;0.00
BigData-Notes;2124;27.58;21.00;440;5.71;5.00;94;1.22;1.00;63;0.82;0.00
thingsboard;187301;44.45;12.00;35666;8.46;5.00;6658;1.58;1.00;89388;21.21;0.00
ARouter;3165;32.30;10.00;362;3.69;2.00;138;1.41;1.00;1710;17.45;0.00
caffeine;75800;62.44;17.00;5950;4.90;3.00;2025;1.67;1.00;175217;144.33;0.00
mockito;50703;24.94;8.00;7159;3.52;2.00;2863;1.41;1.00;37796;18.59;0.00
QMUI_Android;58309;54.70;11.00;5829;5.47;3.00;1737;1.63;1.00;37675;35.34;0.00
DataX;74940;66.03;25.00;5083;4.48;3.00;1963;1.73;1.00;20765;18.30;0.00
yudao-cloud;33014;21.79;9.00;11157;7.36;6.00;1941;1.28;1.00;8195;5.41;0.00
bytecode-viewer;18936;50.36;20.00;1707;4.54;3.00;809;2.15;1.00;4525;12.03;0.00
Sa-Token;19566;41.81;18.00;2152;4.60;3.00;583;1.25;1.00;31046;66.34;1.00
vert.x;130086;89.71;21.00;9574;6.60;4.00;2166;1.49;1.00;281660;194.25;1.00
Arduino;25793;57.32;18.00;1734;3.85;2.00;740;1.64;1.00;14725;32.72;0.00
logger;827;45.94;36.00;105;5.83;6.00;21;1.17;1.00;269;14.94;0.00
logstash;35999;45.92;22.00;4355;5.55;4.00;1302;1.66;1.00;17029;21.72;1.00
Material-Animations;1010;22.44;8.00;198;4.40;2.00;66;1.47;1.00;214;4.76;0.00
Luban;1088;37.52;8.00;86;2.97;1.00;34;1.17;1.00;315;10.86;1.00
Android-PickerView;4421;48.58;7.00;339;3.73;2.00;105;1.15;1.00;1410;15.49;0.00
source-code-hunter;0;0;0;0;0;0;0;0;0;0;0;0
tink;82491;53.99;26.00;10923;7.15;5.00;2056;1.35;1.00;47231;30.91;1.00
DSA-Bootcamp-Java;6074;25.85;16.00;281;1.20;1.00;256;1.09;1.00;879;3.74;1.00
AndroidAutoSize;1720;35.10;15.00;265;5.41;4.00;69;1.41;1.00;1533;31.29;1.00
pulsar;465801;67.98;16.00;45356;6.62;4.00;11411;1.67;1.00;557117;81.31;0.00
spring-analysis;378;11.45;8.00;80;2.42;2.00;41;1.24;1.00;59;1.79;0.00
pinpoint;353335;37.17;18.00;48628;5.11;4.00;10896;1.15;1.00;162798;17.12;0.00
jd-gui;19309;47.44;17.00;1847;4.54;3.00;984;2.42;1.00;4524;11.12;1.00
zuul;19735;43.09;21.00;2999;6.55;4.00;735;1.60;1.00;11430;24.96;1.00
druid;653490;50.06;22.00;98866;7.57;5.00;17270;1.32;1.00;291198;22.31;0.00
dataease;143343;94.30;12.00;6999;4.60;3.00;1974;1.30;1.00;635815;418.30;0.00
PictureSelector;38944;52.84;12.00;3798;5.15;2.00;912;1.24;1.00;36444;49.45;0.00
stetho;19224;32.75;10.00;2572;4.38;3.00;836;1.42;1.00;4405;7.50;0.00
piggymetrics;1881;19.00;11.00;598;6.04;5.00;105;1.06;1.00;379;3.83;0.00
greenDAO;18545;50.95;25.00;1825;5.01;4.00;765;2.10;1.00;17273;47.45;1.00
SmartTubeNext;169637;76.38;27.00;15589;7.02;5.00;3379;1.52;1.00;117846;53.06;1.00
banner;2713;37.16;20.00;444;6.08;5.00;134;1.84;2.00;3481;47.68;1.00
Matisse;3418;44.97;20.00;506;6.66;5.00;106;1.39;1.00;614;8.08;0.00
AndroidViewAnimations;965;11.77;5.00;277;3.38;2.00;148;1.80;2.00;188;2.29;0.00
mall-learning;29041;69.64;14.00;2087;5.00;3.00;479;1.15;1.00;204732;490.96;1.00
AndroidSwipeLayout;2770;37.43;6.00;275;3.72;2.00;98;1.32;1.00;4359;58.91;0.00
QtScrcpy;3875;67.98;36.00;252;4.42;2.00;65;1.14;1.00;1695;29.74;0.00
guice;79562;21.22;6.00;14372;3.83;3.00;4826;1.29;1.00;29905;7.98;0.00
eureka;32744;44.25;18.00;4357;5.89;4.00;941;1.27;1.00;13766;18.60;0.00
spring-boot-admin;13659;29.50;17.00;3513;7.59;6.00;579;1.25;1.00;3248;7.02;0.00
onedev;251959;34.88;14.00;40800;5.65;4.00;10107;1.40;1.00;139460;19.31;0.00
Mybatis-PageHelper;7156;41.13;23.00;1023;5.88;6.00;250;1.44;1.00;5044;28.99;0.00
LSPosed;22852;53.77;12.00;2351;5.53;3.00;701;1.65;1.00;20519;48.28;0.00
VasSonic;7421;66.86;19.00;466;4.20;2.00;142;1.28;1.00;2399;21.61;0.00
tech-interview-for-developer;636;48.92;42.00;17;1.31;1.00;13;1.00;1.00;12;0.92;0.00
uCrop;4643;60.30;13.00;484;6.29;3.00;105;1.36;1.00;2191;28.45;1.00
zookeeper;118331;69.69;27.00;9485;5.59;3.00;3328;1.96;1.00;62738;36.95;0.00
Java;10840;17.51;12.00;478;0.77;0.00;729;1.18;1.00;668;1.08;0.00
mit-deep-learning-book-pdf;2;2.00;2.00;0;0.00;0.00;1;1.00;1.00;0;0.00;0.00
jedis;61386;76.92;21.00;3816;4.78;3.00;1054;1.32;1.00;453157;567.87;1.00
zaproxy;180645;72.43;24.00;11796;4.73;3.00;4751;1.90;1.00;171606;68.81;1.00
dex2jar;41710;73.05;22.00;3098;5.43;3.00;897;1.57;1.00;12067;21.13;0.00
PermissionsDispatcher;3184;26.76;11.00;193;1.62;0.00;146;1.23;1.00;4091;34.38;3.00
SlidingMenu;3085;41.69;13.00;353;4.77;3.00;135;1.82;1.00;3511;47.45;0.00
matrix;79032;56.74;16.00;6278;4.51;2.00;1796;1.29;1.00;17962;12.89;0.00
webmagic;8679;27.73;16.00;1424;4.55;4.00;366;1.17;1.00;3995;12.76;1.00
ImmersionBar;7237;50.96;19.00;902;6.35;5.00;299;2.11;2.00;22614;159.25;3.00
FlycoTabLayout;2730;82.73;16.00;213;6.45;3.00;51;1.55;1.00;7362;223.09;1.00
CtCI-6th-Edition;21093;34.64;28.00;1296;2.13;2.00;651;1.07;1.00;2730;4.48;1.00
FileDownloader;14387;53.48;18.00;1218;4.53;2.00;454;1.69;1.00;11302;42.01;1.00
interview;27259;40.87;35.00;1343;2.01;2.00;692;1.04;1.00;2274;3.41;1.00
vlayout;14042;88.31;13.00;845;5.31;3.00;295;1.86;1.00;11534;72.54;0.00
grpc-java;230606;45.72;12.00;27970;5.55;3.00;7176;1.42;1.00;62083;12.31;0.00
mall-swarm;101020;130.69;29.00;2960;3.83;3.00;957;1.24;1.00;845229;1093.44;13.00
android-async-http;7620;49.48;25.00;872;5.66;4.00;275;1.79;1.00;7065;45.88;3.00
SmarterStreaming;10750;62.50;12.00;661;3.84;2.00;181;1.05;1.00;12307;71.55;0.00
okhttp-OkGo;13418;37.17;14.00;2020;5.60;5.00;586;1.62;1.00;7020;19.45;0.00
JiaoZiVideoPlayer;4511;65.38;30.00;502;7.28;6.00;146;2.12;2.00;3908;56.64;4.00
RxPermissions;876;43.80;11.50;93;4.65;2.00;22;1.10;1.00;202;10.10;0.00
COLA;5891;15.30;9.00;1587;4.12;3.00;541;1.41;1.00;1570;4.08;0.00
javapoet;7518;75.94;22.00;444;4.48;2.00;114;1.15;1.00;12852;129.82;0.00
newbee-mall;3935;44.21;29.00;448;5.03;2.00;95;1.07;1.00;3107;34.91;4.00
android-interview-questions;5;5.00;5.00;0;0.00;0.00;1;1.00;1.00;0;0.00;0.00
jsoup;30101;90.39;27.00;1891;5.68;3.00;614;1.84;1.00;68389;205.37;1.00
MVPArms;5986;40.17;19.00;990;6.64;5.00;191;1.28;1.00;4783;32.10;3.00
auto;30826;27.87;8.00;4561;4.12;3.00;1884;1.70;1.00;28158;25.46;1.00
ViewPagerIndicator;2947;44.65;13.00;359;5.44;5.50;148;2.24;3.00;1932;29.27;0.00
metersphere;270512;93.54;13.00;14881;5.15;3.00;3746;1.30;1.00;1462690;505.77;0.00
clojure;44086;54.83;4.00;3049;3.79;0.00;1258;1.56;1.00;107601;133.83;0.00
conductor;46775;70.98;28.00;4934;7.49;5.00;827;1.25;1.00;52049;78.98;0.00
supertokens-core;67022;97.99;40.50;6121;8.95;9.00;1069;1.56;1.00;34100;49.85;3.00
languagetool;211458;81.27;25.00;14221;5.47;4.00;4135;1.59;1.00;129574;49.80;1.00
Java-WebSocket;14502;54.52;18.00;989;3.72;2.00;478;1.80;1.00;9197;34.58;3.50
glide-transformations;991;36.70;27.00;150;5.56;5.00;58;2.15;2.00;75;2.78;0.00
jvm;5;5.00;5.00;0;0.00;0.00;1;1.00;1.00;0;0.00;0.00
cryptomator;14811;37.31;22.00;3282;8.27;6.00;566;1.43;1.00;6445;16.23;1.00
easypermissions;1705;51.67;28.00;295;8.94;8.00;49;1.48;1.00;403;12.21;6.00
Fragmentation;8981;31.62;11.00;1486;5.23;3.00;485;1.71;1.00;4293;15.12;0.00
AVLoadingIndicatorView;2161;23.49;6.00;328;3.57;2.00;164;1.78;1.00;621;6.75;0.00
paascloud-master;16428;22.14;11.00;4529;6.10;4.00;976;1.32;1.00;4049;5.46;0.00
OpenRefine;66765;49.24;23.00;8553;6.31;5.00;2192;1.62;1.00;13880;10.24;1.00
react-native-camera;0;0;0;0;0;0;0;0;0;0;0;0
Android-ObservableScrollView;12621;37.67;13.00;1680;5.01;3.00;659;1.97;2.00;2536;7.57;0.00
android-Ultra-Pull-To-Refresh;5476;34.01;10.00;647;4.02;2.00;226;1.40;1.00;3082;19.14;0.00
MagicIndicator;4533;44.01;21.00;515;5.00;4.00;138;1.34;1.00;2775;26.94;3.00
spark;9588;43.38;20.00;1004;4.54;3.00;287;1.30;1.00;10413;47.12;0.00
toBeBetterJavaer;0;0;0;0;0;0;0;0;0;0;0;0
AndroidSlidingUpPanel;2011;118.29;8.00;84;4.94;2.00;23;1.35;1.00;2244;132.00;0.00
VirtualApp;46624;32.83;8.00;5593;3.94;2.00;3675;2.59;2.00;22168;15.61;0.00
DanmakuFlameMaster;12879;74.88;20.00;888;5.16;3.00;277;1.61;1.00;8171;47.51;1.00
JsBridge;995;35.54;5.00;98;3.50;1.50;33;1.18;1.00;407;14.54;0.00
Mycat-Server;92939;71.99;33.00;6320;4.90;3.00;1671;1.29;1.00;101328;78.49;0.00
android-gif-drawable;2946;45.32;20.00;401;6.17;4.00;107;1.65;1.00;3823;58.82;0.00
spring-boot-api-project-seed;484;32.27;12.00;75;5.00;4.00;19;1.27;1.00;146;9.73;0.00
PocketHub;6980;32.92;21.00;1394;6.58;5.00;314;1.48;1.00;1917;9.04;0.00
jjwt;14052;28.39;9.00;2843;5.74;4.00;982;1.98;1.00;12291;24.83;0.00
CoreNLP;563022;128.02;26.00;25183;5.73;3.00;6379;1.45;1.00;635065;144.40;0.00
debezium;155069;71.36;24.00;15295;7.04;5.00;3201;1.47;1.00;118178;54.38;1.00
MaterialDesignLibrary;2927;35.70;13.50;372;4.54;3.00;149;1.82;1.00;554;6.76;0.00
feign;32768;29.93;8.00;5329;4.87;3.00;1885;1.72;1.00;14294;13.05;0.00
cim;7280;41.36;15.00;850;4.83;3.00;226;1.28;1.00;3343;18.99;0.00
AgentWeb;11378;44.27;13.00;1388;5.40;3.00;382;1.49;1.00;4841;18.84;0.00
AndroidNote;402;50.25;28.50;39;4.88;1.00;11;1.38;1.00;65;8.12;3.00
VirtualAPK;7981;48.96;17.00;798;4.90;3.00;263;1.61;1.00;2865;17.58;1.00
storm;60552;71.15;18.00;3766;4.43;3.00;1096;1.29;1.00;28143;33.07;1.00
StatusBarUtil;1036;31.39;11.00;137;4.15;3.00;51;1.55;1.00;744;22.55;0.00
CalendarView;11557;65.66;28.50;1156;6.57;4.00;380;2.16;1.00;9360;53.18;3.00
android-gpuimage;6341;41.44;16.00;453;2.96;2.00;330;2.16;2.00;1729;11.30;0.00
Android-PullToRefresh;3567;43.50;17.50;494;6.02;4.50;175;2.13;2.00;4579;55.84;1.00
Android_Data;116;58.00;58.00;4;2.00;2.00;2;1.00;1.00;6;3.00;3.00
plantuml;184606;51.78;23.00;25439;7.14;5.00;5506;1.54;1.00;135473;38.00;1.00
Calligraphy;968;38.72;16.00;143;5.72;5.00;36;1.44;1.00;284;11.36;3.00
awesome-java-leetcode;1772;24.61;24.00;121;1.68;2.00;72;1.00;1.00;84;1.17;1.00
quickstart-android;6665;28.73;12.00;1203;5.19;3.00;319;1.38;1.00;986;4.25;0.00
Android-SpinKit;1812;25.52;11.00;342;4.82;5.00;225;3.17;2.00;1528;21.52;1.00
junit4;32915;22.39;8.00;5688;3.87;3.00;2153;1.46;1.00;19066;12.97;0.00
Jetpack-MVVM-Best-Practice;3691;31.02;12.00;576;4.84;3.00;193;1.62;1.00;1428;12.00;0.00
Signal-Server;40460;46.77;19.00;7302;8.44;4.00;1160;1.34;1.00;13690;15.83;0.00
BottomBar;2834;42.94;6.00;324;4.91;2.00;85;1.29;1.00;4070;61.67;0.00
dropwizard;39592;29.03;13.00;8076;5.92;4.00;2040;1.50;1.00;25946;19.02;0.00
spider-flow;8748;54.34;29.00;867;5.39;4.00;279;1.73;1.00;3273;20.33;1.00
AndResGuard;6506;98.58;41.50;226;3.42;2.00;99;1.50;1.00;1477;22.38;1.50
epoxy;43286;70.96;11.00;4196;6.88;4.00;1114;1.83;2.00;84652;138.77;1.00
SpringCloud;3114;11.80;8.00;1725;6.53;5.00;377;1.43;1.00;609;2.31;0.00
datahub;86681;46.48;25.00;19892;10.67;8.00;2138;1.15;1.00;29533;15.84;1.00
Android-Debug-Database;2393;39.23;11.00;253;4.15;4.00;78;1.28;1.00;537;8.80;0.00
JsonPath;16724;45.20;15.50;1734;4.69;3.00;549;1.48;1.00;10463;28.28;0.00
cassandra;542839;58.91;22.50;59495;6.46;4.00;16783;1.82;1.00;550011;59.69;1.00
MaterialViewPager;1616;36.73;16.00;200;4.55;3.00;57;1.30;1.00;413;9.39;0.00
react-native-image-picker;906;47.68;18.00;90;4.74;4.00;27;1.42;1.00;667;35.11;0.00
atlas;157514;71.79;22.00;12371;5.64;4.00;3150;1.44;1.00;65566;29.88;1.00
aws-doc-sdk-examples;60314;42.65;28.00;9455;6.69;5.00;1453;1.03;1.00;9001;6.37;1.00
EhViewer;44372;73.83;25.00;4294;7.14;4.00;1095;1.82;1.00;27203;45.26;1.00
LitePal;11830;58.86;17.00;1007;5.01;3.00;332;1.65;1.00;9939;49.45;0.00
jna;106424;45.21;11.00;10666;4.53;3.00;5569;2.37;2.00;105011;44.61;0.00
Paper;163;14.82;6.00;52;4.73;5.00;15;1.36;1.00;104;9.45;3.00
OpenSearch;1061841;66.49;23.00;115862;7.26;5.00;28116;1.76;1.00;591972;37.07;1.00
tsunami-security-scanner;7733;28.22;12.50;1675;6.11;5.00;416;1.52;1.00;3635;13.27;0.00
hugo;384;54.86;59.00;40;5.71;7.00;8;1.14;1.00;194;27.71;6.00
cachecloud;48349;68.68;21.00;3639;5.17;2.00;833;1.18;1.00;26210;37.23;0.00
HomeMirror;1719;26.05;11.50;180;2.73;2.00;71;1.08;1.00;353;5.35;0.00
material-theme-jetbrains;14517;40.66;12.00;1546;4.33;3.00;805;2.25;2.00;30139;84.42;1.00
otter;68151;52.59;21.00;5955;4.59;3.00;1884;1.45;1.00;42048;32.44;1.00
zfile;6839;25.05;10.00;1900;6.96;4.00;428;1.57;1.00;1390;5.09;0.00
AndroidPdfViewer;3328;58.39;10.00;282;4.95;1.00;71;1.25;1.00;4377;76.79;0.00
metrics;27586;40.81;19.00;3642;5.39;4.00;901;1.33;1.00;6204;9.18;0.00
UltimateAndroidReference;22;22.00;22.00;1;1.00;1.00;1;1.00;1.00;0;0.00;0.00
RxLifecycle;2368;29.23;24.00;521;6.43;6.00;134;1.65;1.00;114;1.41;0.00
subsampling-scale-image-view;4262;59.19;14.50;405;5.62;3.50;114;1.58;1.00;5740;79.72;0.00
Hippy;53823;70.45;16.00;4167;5.45;3.00;1142;1.49;1.00;73016;95.57;0.00
litho;110296;45.98;14.00;16313;6.80;4.00;3041;1.27;1.00;122039;50.87;0.00
RxJava-Android-Samples;2633;30.62;13.50;570;6.63;3.00;157;1.83;1.00;791;9.20;3.00
vjtools;18382;48.50;26.00;1188;3.13;2.00;484;1.28;1.00;9968;26.30;1.00
lawnchair;117895;66.61;21.00;13991;7.90;4.00;2547;1.44;1.00;133423;75.38;1.00
MyBookshelf;48096;71.89;18.00;4238;6.33;4.00;983;1.47;1.00;39245;58.66;1.00
AndroidAsync;18086;33.31;8.00;1962;3.61;2.00;832;1.53;1.00;10556;19.44;0.00
hellocharts-android;10995;71.86;41.00;983;6.42;4.00;255;1.67;1.00;6165;40.29;1.00
Chat2DB;11532;22.70;10.00;2800;5.51;4.00;620;1.22;1.00;4674;9.20;0.00
im-server;152164;166.66;22.00;6118;6.70;3.00;1420;1.56;1.00;104840;114.83;1.00
MVVMHabit;9110;28.56;8.00;1143;3.58;2.00;406;1.27;1.00;5029;15.76;0.00
android-classyshark;8714;41.10;16.50;672;3.17;2.00;271;1.28;1.00;2173;10.25;1.00
flyway;23768;40.84;19.00;3305;5.68;4.00;892;1.53;1.00;27455;47.17;1.00
Ehviewer_CN_SXJ;56736;76.26;28.00;5412;7.27;4.50;1353;1.82;1.00;39395;52.95;1.00
jmeter;128054;74.23;34.00;9431;5.47;4.00;3450;2.00;2.00;106834;61.93;3.00
karate;40876;69.52;23.00;3825;6.51;5.00;711;1.21;1.00;62387;106.10;1.00
dagger;8043;19.81;5.00;1289;3.17;3.00;499;1.23;1.00;2431;5.99;0.00
testcontainers-java;25976;33.78;17.00;4280;5.57;5.00;1126;1.46;1.00;16744;21.77;0.00
ShortcutBadger;885;28.55;16.00;164;5.29;5.00;36;1.16;1.00;108;3.48;1.00
algs4;21772;79.17;57.00;1111;4.04;4.00;281;1.02;1.00;12532;45.57;0.00
Android-Bootstrap;10389;131.51;23.00;550;6.96;3.00;132;1.67;1.00;2480;31.39;2.00
swagger-core;37889;28.88;8.00;6454;4.92;3.00;1625;1.24;1.00;62365;47.53;0.00
sweet-alert-dialog;943;58.94;23.00;70;4.38;1.50;20;1.25;1.00;497;31.06;0.00
SpringCloud-Learning;13492;43.24;21.50;1834;5.88;4.00;326;1.04;1.00;8965;28.73;1.00
XPopup;12344;40.47;11.00;1435;4.70;3.00;481;1.58;1.00;6982;22.89;0.00
agera;10897;37.58;13.00;1835;6.33;4.00;360;1.24;1.00;4305;14.84;0.00
TakePhoto;2403;43.69;28.00;278;5.05;2.00;69;1.25;1.00;599;10.89;1.00
UltimateRecyclerView;16083;42.10;13.00;1992;5.21;3.00;647;1.69;1.00;15812;41.39;0.00
RePlugin;29883;65.82;22.00;2344;5.16;3.00;644;1.42;1.00;14451;31.83;0.00
WeChatLuckyMoney;931;44.33;21.00;113;5.38;3.00;29;1.38;1.00;185;8.81;1.00
Mapper;17841;40.73;16.00;2154;4.92;4.00;542;1.24;1.00;13889;31.71;0.00
beam;667038;44.14;16.00;111508;7.38;5.00;23302;1.54;1.00;274681;18.18;0.00
ActionBarSherlock;26463;61.97;18.00;2616;6.13;4.00;842;1.97;1.00;27071;63.40;0.00
FrameworkBenchmarks;16210;23.91;12.00;3291;4.85;4.00;837;1.23;1.00;2805;4.14;0.00
closure-compiler;312792;110.41;23.00;18437;6.51;5.00;4204;1.48;1.00;3308945;1168.00;1.00
SmartTabLayout;1912;42.49;27.00;286;6.36;4.00;74;1.64;1.00;437;9.71;1.00
xmall;45293;143.33;42.50;1362;4.31;3.00;367;1.16;1.00;199974;632.83;13.00
VBlog;781;26.93;16.00;132;4.55;4.00;30;1.03;1.00;843;29.07;1.00
react-native-svg;13668;73.48;34.50;1186;6.38;4.00;459;2.47;1.00;23844;128.19;1.00
elasticsearch-sql;27543;184.85;50.00;1826;12.26;6.00;203;1.36;1.00;51800;347.65;6.00
tomcat;354330;81.51;24.00;20227;4.65;3.00;7758;1.78;1.00;721035;165.87;1.00
pentaho-kettle;763628;69.43;10.00;65038;5.91;2.00;14038;1.28;1.00;870916;79.18;0.00
Timber;21819;48.17;14.00;2446;5.40;3.00;662;1.46;1.00;8946;19.75;0.00
javacv;26821;120.82;47.50;1355;6.10;4.00;473;2.13;1.00;29758;134.05;1.00
okhttputils;1961;28.01;12.00;261;3.73;2.50;102;1.46;1.00;434;6.20;0.00
DroidPlugin;22301;28.37;5.00;2596;3.30;2.00;3449;4.39;3.00;2908;3.70;0.00
kafka-ui;18126;35.33;20.00;3715;7.24;5.00;775;1.51;1.00;8779;17.11;1.00
SDE-Interview-Questions;5;5.00;5.00;0;0.00;0.00;1;1.00;1.00;0;0.00;0.00
ysoserial;3851;32.09;19.00;655;5.46;3.00;161;1.34;1.00;1067;8.89;1.00
aeron;102301;90.21;33.00;8590;7.57;4.00;1485;1.31;1.00;117825;103.90;0.00
react-native-video;3756;50.76;18.00;413;5.58;3.00;98;1.32;1.00;6611;89.34;0.00
AndroidAutoLayout;2370;30.38;27.00;455;5.83;5.00;156;2.00;2.00;687;8.81;8.00
angel;204252;108.59;34.00;13980;7.43;5.00;3262;1.73;2.00;120572;64.10;0.00
nanohttpd;7106;49.35;21.00;625;4.34;3.00;258;1.79;1.00;3191;22.16;1.00
react-native-push-notification;1884;64.97;21.00;183;6.31;4.00;36;1.24;1.00;449;15.48;0.00
walle;4633;49.29;21.00;296;3.15;2.00;112;1.19;1.00;817;8.69;0.50
AndPermission;4486;26.70;13.00;671;3.99;3.00;196;1.17;1.00;1258;7.49;0.00
AndroidPerformanceMonitor;2234;41.37;19.50;220;4.07;3.00;69;1.28;1.00;760;14.07;0.00
error-prone;120761;28.70;12.00;24580;5.84;4.00;6356;1.51;1.00;90968;21.62;0.00
mybatis-generator-gui;3047;78.13;40.00;280;7.18;5.00;58;1.49;1.00;2728;69.95;3.00
Toasty;487;30.44;5.50;65;4.06;3.00;17;1.06;1.00;906;56.62;0.00
rest-assured;28446;40.46;13.00;3679;5.23;4.00;843;1.20;1.00;74348;105.76;0.00
storm;378339;75.43;25.00;26721;5.33;3.00;6211;1.24;1.00;217248;43.31;1.00
haven;4561;57.73;24.00;539;6.82;4.00;110;1.39;1.00;930;11.77;1.00
RoundedImageView;1265;84.33;35.00;126;8.40;9.00;27;1.80;2.00;1612;107.47;0.00
netty-socketio;5941;36.23;15.00;814;4.96;3.00;209;1.27;1.00;5037;30.71;0.00
rabbitmq-tutorials;1343;31.23;21.00;198;4.60;4.00;43;1.00;1.00;110;2.56;1.00
processing;109671;118.95;14.00;3388;3.67;2.00;1498;1.62;1.00;468188;507.80;0.00
BookReader;30914;44.23;13.00;3343;4.78;2.00;1005;1.44;1.00;17701;25.32;0.00
KnowStreaming;31512;33.74;12.00;6721;7.20;4.00;1699;1.82;1.00;9643;10.32;0.00
android-floating-action-button;1078;51.33;8.00;117;5.57;3.00;35;1.67;1.00;1011;48.14;0.00
alluxio;219039;62.26;29.00;23765;6.76;4.00;5278;1.50;1.00;114276;32.48;1.00
ansj_seg;11856;54.89;28.00;1354;6.27;4.00;256;1.19;1.00;2100;9.72;0.00
MinecraftForge;64025;38.22;19.00;11167;6.67;5.00;3661;2.19;1.00;54787;32.71;1.00
Android-Image-Cropper;4655;116.38;21.00;309;7.72;4.00;55;1.38;1.00;2815;70.38;0.00
ion;9443;32.67;11.00;1311;4.54;3.00;422;1.46;1.00;6820;23.60;0.00
jvm-sandbox;14407;33.12;12.00;1515;3.48;2.00;577;1.33;1.00;5377;12.36;0.00
xManager;40177;68.33;15.00;1002;1.70;1.00;601;1.02;1.00;5890;10.02;0.00
Spring-Cloud-Platform;6014;33.98;17.00;848;4.79;3.00;249;1.41;1.00;10204;57.65;0.00
Android-skin-support;19377;47.84;23.00;2462;6.08;5.00;564;1.39;1.00;7157;17.67;1.00
JavaTutorial;14;4.67;6.00;1;0.33;0.00;3;1.00;1.00;1;0.33;0.00
JFoenix;24546;57.76;21.00;2941;6.92;4.00;690;1.62;1.00;9386;22.08;1.00
springBoot;6250;23.67;14.50;1343;5.09;4.00;303;1.15;1.00;4091;15.50;0.00
async-http-client;28365;50.74;21.00;3173;5.68;4.00;879;1.57;1.00;23404;41.87;1.00
Aegis;20461;51.02;20.00;2933;7.31;5.00;696;1.74;1.00;8380;20.90;1.00
zeppelin;194486;88.97;28.00;12205;5.58;3.00;2753;1.26;1.00;94515;43.24;1.00
remusic;47786;56.55;17.00;4386;5.19;3.00;1228;1.45;1.00;35191;41.65;0.00
SwipeBackLayout;1635;90.83;25.00;90;5.00;3.00;25;1.39;1.00;1104;61.33;3.00
MaterialEditText;3385;130.19;16.00;147;5.65;2.00;34;1.31;1.00;19314;742.85;0.00
AndroidPicker;13187;56.11;12.00;1281;5.45;3.00;388;1.65;1.00;12293;52.31;0.00
spring-cloud-examples;390;6.50;5.00;230;3.83;4.00;61;1.02;1.00;28;0.47;0.00
richeditor-android;804;18.70;5.00;104;2.42;2.00;49;1.14;1.00;2019;46.95;0.00
baritone;21996;47.30;19.00;3120;6.71;4.00;643;1.38;1.00;10286;22.12;1.00
Leaf;1305;32.62;9.50;139;3.48;1.50;57;1.43;1.00;450;11.25;0.00
NumberProgressBar;380;63.33;7.50;19;3.17;0.50;8;1.33;1.00;551;91.83;0.00
jsonschema2pojo;14400;52.94;29.00;1832;6.74;5.00;311;1.14;1.00;20923;76.92;0.00
EffectiveAndroidUI;1923;26.34;11.00;324;4.44;3.00;98;1.34;1.00;848;11.62;1.00
material;27346;89.66;15.00;1986;6.51;3.00;502;1.65;1.00;16621;54.50;1.00
smali;46762;40.59;17.00;6933;6.02;4.00;1920;1.67;1.00;17299;15.02;1.00
physical-web;7481;47.96;14.50;747;4.79;3.00;201;1.29;1.00;4167;26.71;0.00
dynamic-load-apk;2620;42.26;13.00;361;5.82;3.00;89;1.44;1.00;584;9.42;0.00
springcloud-learning;1979;10.05;5.00;944;4.79;4.00;203;1.03;1.00;274;1.39;0.00
config;13149;65.75;17.00;1095;5.47;3.00;411;2.06;1.00;15126;75.63;0.00
xUtils3;12561;57.62;23.00;1139;5.22;3.00;307;1.41;1.00;5984;27.45;2.00
from-java-to-kotlin;37;18.50;18.50;1;0.50;0.50;2;1.00;1.00;0;0.00;0.00
androidmvp;274;19.57;16.00;46;3.29;2.00;18;1.29;1.00;42;3.00;0.00
GmsCore;45555;30.07;11.00;8035;5.30;4.00;2648;1.75;2.00;22167;14.63;0.00
graphql-java;59989;49.66;20.00;9742;8.06;5.00;1699;1.41;1.00;40847;33.81;1.00
junit5;80821;28.87;10.00;12149;4.34;3.00;3715;1.33;1.00;112594;40.23;0.00
material-calendarview;3658;41.57;15.00;568;6.45;4.00;135;1.53;1.00;6073;69.01;0.00
grafika;10035;97.43;60.00;660;6.41;5.00;180;1.75;2.00;710;6.89;0.00
motan;40613;53.23;21.00;4362;5.72;4.00;1089;1.43;1.00;25566;33.51;1.00
AndroidProject;20468;57.17;21.00;2583;7.22;4.00;767;2.14;1.00;6868;19.18;1.00
springfox;32115;28.27;16.00;6478;5.70;3.00;1273;1.12;1.00;26415;23.25;0.00
smile;96647;75.04;37.00;6849;5.32;4.00;1728;1.34;1.00;135917;105.53;1.00
ssm;369;19.42;16.00;66;3.47;2.00;32;1.68;1.00;39;2.05;1.00
micronaut-core;149336;35.76;11.00;23961;5.74;4.00;5554;1.33;1.00;153795;36.83;0.00
itstack-demo-design;3985;18.53;14.00;466;2.17;2.00;238;1.11;1.00;1145;5.33;0.00
blade;15317;49.89;18.00;1419;4.62;3.00;379;1.23;1.00;12942;42.16;0.00
PowerJob;19449;33.36;15.00;3344;5.74;4.00;679;1.16;1.00;3010;5.16;0.00
quartz;34646;67.67;21.50;2741;5.35;3.00;752;1.47;1.00;57673;112.64;1.00
BoomMenu;7710;67.04;17.00;648;5.63;4.00;181;1.57;1.00;26182;227.67;0.00
InfiniteCycleViewPager;3564;86.93;12.00;207;5.05;3.00;67;1.63;2.00;4204;102.54;0.00
DiskLruCache;1937;161.42;43.00;39;3.25;2.50;16;1.33;1.00;132;11.00;3.00
springside4;12842;40.77;23.00;997;3.17;2.00;402;1.28;1.00;7807;24.78;1.00
byte-buddy;275493;45.97;13.00;36602;6.11;4.00;9648;1.61;1.00;89482;14.93;0.00
wiremock;44749;39.29;17.00;6539;5.74;4.00;1555;1.37;1.00;78564;68.98;1.00
DiscreteScrollView;3698;35.22;11.00;444;4.23;2.00;131;1.25;1.00;2007;19.11;0.00
robolectric;200332;54.99;14.00;20392;5.60;4.00;4894;1.34;1.00;274787;75.43;0.00
circular-progress-button;1429;36.64;13.00;155;3.97;2.00;50;1.28;1.00;988;25.33;0.00
FastHub;40321;43.17;14.00;7541;8.07;5.00;1343;1.44;1.00;32463;34.76;1.00
u2020;4806;35.87;13.00;833;6.22;4.00;191;1.43;1.00;3165;23.62;0.50
aurora-imui;17788;52.01;13.00;1643;4.80;2.50;523;1.53;1.00;17192;50.27;0.00
AndroidImageSlider;3813;60.52;11.00;256;4.06;2.00;99;1.57;1.00;3723;59.10;1.00
jOOQ;255990;76.57;17.00;33162;9.92;7.00;6156;1.84;1.00;4928605;1474.31;6.00
useful-java-links;5967;22.69;15.00;606;2.30;2.00;269;1.02;1.00;482;1.83;0.00
ShowcaseView;2086;32.09;17.00;350;5.38;5.00;91;1.40;1.00;1158;17.82;0.00
Fast-Android-Networking;19596;34.08;11.00;1851;3.22;2.00;719;1.25;1.00;7917;13.77;1.00
FlowLayout;810;23.82;7.00;147;4.32;3.00;48;1.41;1.00;170;5.00;0.00
ListViewAnimations;5697;41.58;17.00;887;6.47;5.00;282;2.06;2.00;1433;10.46;0.00
disconf;14009;32.96;18.00;1886;4.44;3.00;577;1.36;1.00;5362;12.62;0.00
hazelcast;1074504;59.63;21.00;132286;7.34;4.00;30737;1.71;1.00;720046;39.96;1.00
HMCL;57479;55.97;26.00;6714;6.54;4.00;1709;1.66;1.00;37512;36.53;1.00
btrace;39718;52.12;10.00;3733;4.90;4.00;1000;1.31;1.00;76592;100.51;0.00
HTextView;3076;33.80;12.00;382;4.20;2.00;142;1.56;1.00;317;3.48;0.00
StickyListHeaders;2112;49.12;10.00;207;4.81;3.00;60;1.40;1.00;171;3.98;0.00
SwipeRecyclerView;11090;40.33;18.00;1333;4.85;3.00;382;1.39;1.00;7409;26.94;0.00
freeline;5357;39.68;16.00;505;3.74;2.00;217;1.61;1.00;1872;13.87;1.00
zxing-android-embedded;5169;53.84;27.00;522;5.44;4.00;131;1.36;1.00;2104;21.92;1.00
mosby;17138;25.89;12.00;3562;5.38;3.00;1067;1.61;1.00;6380;9.64;0.00
react-native-splash-screen;246;20.50;13.50;41;3.42;2.50;15;1.25;1.00;24;2.00;0.50
barcodescanner;2796;38.30;10.00;385;5.27;2.00;120;1.64;1.00;863;11.82;0.00
Blurry;636;45.43;14.00;72;5.14;3.50;14;1.00;1.00;9;0.64;0.00
rebound;4095;47.07;13.00;373;4.29;2.00;115;1.32;1.00;3039;34.93;0.00
gephi;125187;52.60;17.00;10674;4.48;3.00;3974;1.67;1.00;58620;24.63;0.00
java-jwt;8898;103.47;32.50;487;5.66;3.50;140;1.63;1.00;12182;141.65;1.00
gnirehtet;4330;53.46;40.00;305;3.77;2.00;96;1.19;1.00;1158;14.30;1.00
android-job;10693;56.58;19.00;1322;6.99;4.00;334;1.77;1.00;6049;32.01;1.00
lanproxy;2668;42.35;23.00;267;4.24;3.00;75;1.19;1.00;517;8.21;0.00
scribejava;12671;25.65;17.00;2079;4.21;3.00;692;1.40;1.00;5402;10.94;1.00
SystemBarTint;807;89.67;41.00;72;8.00;7.00;16;1.78;2.00;203;22.56;1.00
SoloPi;56327;48.14;13.00;5409;4.62;2.00;1411;1.21;1.00;15369;13.14;0.00
Aria;42723;56.21;24.00;4524;5.95;4.00;1234;1.62;1.00;33708;44.35;1.00
DependencyCheck;40090;79.54;40.00;3396;6.74;5.00;923;1.83;2.00;36498;72.42;3.00
vavr;64440;102.45;21.00;5378;8.55;5.00;822;1.31;1.00;762722;1212.59;1.00
MagicCamera;14543;41.32;25.00;1248;3.55;3.00;517;1.47;1.00;2686;7.63;0.00
XRecyclerView;5151;31.03;9.00;649;3.91;2.00;236;1.42;1.00;1501;9.04;0.00
cw-omnibus;71119;36.58;18.00;10359;5.33;4.00;3466;1.78;2.00;39028;20.08;0.00
gradle-retrolambda;623;24.92;13.00;115;4.60;3.00;26;1.04;1.00;54;2.16;0.00
wechat;34426;54.21;20.00;3215;5.06;3.00;784;1.23;1.00;9813;15.45;0.00
Android-ZBLibrary;14721;46.29;15.00;1710;5.38;3.00;496;1.56;1.00;8480;26.67;0.00
TapTargetView;1948;49.95;15.00;176;4.51;2.00;45;1.15;1.00;1778;45.59;0.00
android-advancedrecyclerview;20692;52.38;17.00;2609;6.61;4.00;951;2.41;2.00;12649;32.02;0.00
AndroidVideoCache;3217;41.78;18.00;372;4.83;3.00;115;1.49;1.00;1103;14.32;1.00
VitamioBundle;6501;64.37;21.00;500;4.95;3.00;133;1.32;1.00;7582;75.07;0.00
shimmer-android;885;126.43;126.00;60;8.57;9.00;13;1.86;2.00;126;18.00;10.00
twoway-view;3688;72.31;30.00;310;6.08;4.00;93;1.82;1.00;4416;86.59;1.00
titan;71163;44.64;14.00;9348;5.86;3.00;2183;1.37;1.00;32686;20.51;1.00
FloatingActionButton;2805;59.68;10.00;218;4.64;2.00;65;1.38;1.00;6565;139.68;0.00
android-lifecycle;481;80.17;104.00;42;7.00;7.50;10;1.67;2.00;910;151.67;190.00
Side-Menu.Android;449;24.94;8.50;70;3.89;2.00;22;1.22;1.00;74;4.11;0.00
Dexter;2197;27.46;12.00;354;4.42;3.00;96;1.20;1.00;332;4.15;0.00
SpringBootVulExploit;258;18.43;8.50;48;3.43;3.00;14;1.00;1.00;50;3.57;0.00
socket.io-client-java;5646;24.66;7.00;439;1.92;1.00;251;1.10;1.00;941;4.11;0.00
otto;1987;23.38;8.00;207;2.44;1.00;118;1.39;1.00;302;3.55;0.00
uid-generator;873;34.92;24.00;72;2.88;1.00;32;1.28;1.00;293;11.72;1.00
generator;72610;112.23;26.00;5044;7.80;5.00;1264;1.95;2.00;56383;87.15;3.00
google-java-format;12430;76.73;25.00;921;5.69;3.50;230;1.42;1.00;10561;65.19;1.00
AntennaPod;47528;62.29;26.00;5872;7.70;5.00;1096;1.44;1.00;14788;19.38;1.00
EdXposed;71794;78.04;26.00;5580;6.07;4.00;1475;1.60;1.00;175792;191.08;1.00
ctci;11244;36.15;28.00;609;1.96;2.00;348;1.12;1.00;1585;5.10;1.00
lettuce-core;82224;48.06;19.00;10372;6.06;4.00;2441;1.43;1.00;263329;153.90;0.00
lamp-cloud;9646;20.66;11.00;3910;8.37;7.00;587;1.26;1.00;2891;6.19;0.00
google-authenticator;3935;64.51;18.00;237;3.89;2.00;103;1.69;1.00;1809;29.66;1.00
hive;2021309;102.10;31.00;137294;6.93;4.00;28053;1.42;1.00;1977628;99.89;1.00
pig;7297;20.33;13.00;2561;7.13;6.00;472;1.31;1.00;1862;5.19;0.00
TVBoxOSC;22428;43.80;13.00;2220;4.34;3.00;651;1.27;1.00;17096;33.39;0.00
FastBle;4713;44.89;8.00;460;4.38;2.00;136;1.30;1.00;2737;26.07;0.00
BasePopup;28287;49.80;16.00;3344;5.89;3.00;963;1.70;1.00;19479;34.29;1.00
Small;7726;41.76;6.00;703;3.80;2.00;273;1.48;1.00;3731;20.17;0.00
smartTable;14165;38.91;11.00;1853;5.09;2.00;433;1.19;1.00;9438;25.93;0.00
android-common;6671;60.65;22.00;489;4.45;3.00;137;1.25;1.00;4674;42.49;1.00
JS-Sorting-Algorithm;389;32.42;31.00;43;3.58;3.00;12;1.00;1.00;34;2.83;0.50
UltraViewPager;1518;63.25;13.50;125;5.21;2.00;33;1.38;1.00;1401;58.38;0.00
dialogplus;1047;36.10;8.00;152;5.24;3.00;30;1.03;1.00;1678;57.86;0.00
InstaMaterial;2223;27.79;7.00;383;4.79;2.00;123;1.54;1.00;795;9.94;0.00
okdownload;18986;55.35;21.00;2210;6.44;4.00;434;1.27;1.00;12094;35.26;0.00
spring-mvc-showcase;1281;22.09;18.00;300;5.17;5.00;70;1.21;1.00;548;9.45;0.00
api-samples;2541;60.50;51.00;269;6.40;7.00;42;1.00;1.00;184;4.38;0.00
android-zxingLibrary;2018;38.81;15.50;245;4.71;3.00;69;1.33;1.00;293;5.63;0.00
GravitySnapHelper;610;76.25;13.50;51;6.38;4.50;14;1.75;1.50;463;57.88;1.00
datax-web;13801;43.54;21.00;1598;5.04;3.00;440;1.39;1.00;4197;13.24;0.00
hbase;915614;82.39;25.00;89154;8.02;5.00;16732;1.51;1.00;777116;69.93;1.00
groovy;192174;68.63;18.00;14600;5.21;3.00;6025;2.15;1.00;1062768;379.56;1.00
RxJava2-Android-Samples;3992;21.58;15.00;678;3.66;2.00;232;1.25;1.00;1163;6.29;0.00
LayoutManagerGroup;2285;36.27;15.00;312;4.95;3.00;99;1.57;2.00;576;9.14;0.00
NavigationTabBar;2538;43.76;10.00;233;4.02;2.00;76;1.31;1.00;3335;57.50;0.50
RippleEffect;504;26.53;5.00;65;3.42;2.00;26;1.37;1.00;440;23.16;0.00
janusgraph;99804;55.11;21.00;12772;7.05;4.00;2634;1.45;1.00;75312;41.59;1.00
joda-time;91523;164.31;56.00;4775;8.57;6.00;1272;2.28;2.00;164382;295.12;10.00
folding-cell-android;812;38.67;10.00;87;4.14;2.00;28;1.33;1.00;281;13.38;0.00
opentsdb;103599;110.45;23.50;6736;7.18;4.00;1209;1.29;1.00;61823;65.91;0.00
spring-data-examples;50464;7.65;4.00;17188;2.61;2.00;6652;1.01;1.00;2887;0.44;0.00
views-widgets-samples;7344;48.32;17.00;611;4.02;2.00;263;1.73;1.00;1066;7.01;0.00
Transitions-Everywhere;9485;49.15;13.00;1326;6.87;5.00;324;1.68;1.00;4964;25.72;0.00
packer-ng-plugin;1776;57.29;29.00;87;2.81;2.00;43;1.39;1.00;578;18.65;1.00
CloudReader;19378;39.39;16.50;2332;4.74;3.00;716;1.46;1.00;9565;19.44;0.00
lucida;23221;86.65;39.00;1585;5.91;4.00;414;1.54;1.00;6303;23.52;1.00
Luyten;6750;52.33;13.00;303;2.35;1.00;199;1.54;1.00;1993;15.45;0.00
thumbnailator;19559;87.71;24.00;906;4.06;2.00;276;1.24;1.00;20862;93.55;0.00
Android-ConvenientBanner;848;29.24;15.00;140;4.83;3.00;42;1.45;1.00;226;7.79;1.00
AndroidStaggeredGrid;4010;111.39;27.50;211;5.86;3.00;67;1.86;1.50;5612;155.89;0.50
kafdrop;3986;44.79;19.00;478;5.37;3.00;114;1.28;1.00;2816;31.64;0.00
IJPay;13725;50.83;20.00;1502;5.56;5.00;369;1.37;1.00;34789;128.85;0.00
linuxdeploy;2693;72.78;29.00;265;7.16;5.00;61;1.65;2.00;1328;35.89;3.00
iceberg;266372;65.64;30.00;34977;8.62;6.00;6623;1.63;1.00;123726;30.49;1.00
mapdb;20198;76.80;18.00;852;3.24;2.00;532;2.02;1.00;21526;81.85;0.00
PojavLauncher;23343;68.25;20.00;1971;5.76;3.00;475;1.39;1.00;46657;136.42;1.00
web3j;38453;33.01;9.00;4933;4.23;2.00;2013;1.73;1.00;37425;32.12;0.00
cameraview;2983;41.43;13.00;348;4.83;3.00;91;1.26;1.00;873;12.12;0.00
CameraView;21155;39.62;11.00;2989;5.60;3.00;734;1.37;1.00;18563;34.76;0.00
baseAdapter;1563;31.26;12.00;244;4.88;3.00;66;1.32;1.00;914;18.28;0.00
ActiveAndroid;3158;50.94;22.00;242;3.90;3.00;120;1.94;2.00;1369;22.08;3.00
AmazeFileManager;32067;70.63;19.50;3292;7.25;4.00;657;1.45;1.00;12748;28.08;0.00
cardslib;32257;39.77;13.00;4786;5.90;4.00;1766;2.18;1.00;15101;18.62;0.00
android-tips-tricks;22;22.00;22.00;1;1.00;1.00;1;1.00;1.00;0;0.00;0.00
reactive-streams-jvm;15738;34.29;13.00;1433;3.12;3.00;586;1.28;1.00;9334;20.34;0.00
JimuReport;104;17.33;12.00;28;4.67;4.50;6;1.00;1.00;14;2.33;0.50
gpmall;8865;20.91;9.00;2111;4.98;3.00;577;1.36;1.00;3464;8.17;0.00
bitcoinj;47822;73.01;19.00;4562;6.96;4.00;1192;1.82;1.00;64955;99.17;0.00
DKVideoPlayer;18446;48.93;17.00;2008;5.33;2.00;600;1.59;1.00;17626;46.75;0.00
spring-security-oauth;35204;35.24;14.00;6058;6.06;4.00;1601;1.60;1.00;13386;13.40;0.00
XXPermissions;4528;53.27;13.00;473;5.56;3.00;145;1.71;1.00;2536;29.84;0.00
MaterialDateTimePicker;7536;103.23;31.00;481;6.59;5.00;107;1.47;1.00;9317;127.63;1.00
cglib;17670;35.48;9.00;1602;3.22;1.00;763;1.53;1.00;130375;261.80;0.00
chuck;1698;40.43;17.50;245;5.83;4.00;58;1.38;1.00;2341;55.74;0.50
SwitchButton;1549;57.37;9.00;118;4.37;2.00;38;1.41;1.00;2227;82.48;0.00
reactor-core;193343;92.24;36.50;15264;7.28;7.00;3578;1.71;1.00;256222;122.24;1.00
vespa;666078;52.78;24.00;78098;6.19;4.00;20089;1.59;1.00;481468;38.15;1.00
react-native-linear-gradient;488;25.68;13.00;98;5.16;4.00;31;1.63;1.00;203;10.68;1.00
orientdb;478379;91.61;31.00;35560;6.81;5.00;8363;1.60;1.00;1640626;314.18;1.00
shopping-management-system;5353;55.19;34.00;341;3.52;3.00;132;1.36;1.00;7404;76.33;3.00
roncoo-pay;19910;50.53;28.00;2051;5.21;3.00;505;1.28;1.00;24797;62.94;3.00
v9porn;24718;33.31;10.00;3655;4.93;3.00;995;1.34;1.00;36880;49.70;0.00
dddsample-core;4689;28.59;18.50;1117;6.81;4.50;187;1.14;1.00;1111;6.77;0.00
react-native-config;428;18.61;12.00;105;4.57;4.00;32;1.39;1.00;45;1.96;1.00
JSqlParser;33346;51.78;23.00;3678;5.71;3.00;1003;1.56;1.00;290562;451.18;1.00
PageIndicatorView;3532;49.06;26.50;397;5.51;4.00;108;1.50;1.00;1642;22.81;1.00
YCSB;22046;94.21;47.00;1636;6.99;3.00;381;1.63;1.00;1797;7.68;0.00
sqlbrite;3329;31.41;9.00;498;4.70;2.00;144;1.36;1.00;456;4.30;0.00
Spring-Boot-In-Action;2714;20.25;8.50;518;3.87;3.00;150;1.12;1.00;805;6.01;0.00
JAViewer;6309;35.25;15.00;1036;5.79;4.00;286;1.60;1.00;2085;11.65;0.00
jetlinks-community;42849;30.83;15.00;10902;7.84;6.00;1720;1.24;1.00;16801;12.09;0.00
go-lang-idea-plugin;45363;40.07;18.00;9192;8.12;6.00;2347;2.07;2.00;124553;110.03;3.00
Depth-LIB-Android-;3771;34.92;6.00;409;3.79;2.00;131;1.21;1.00;1442;13.35;0.00
SimplifyReader;34709;54.92;13.00;2614;4.14;2.00;872;1.38;1.00;38106;60.29;0.00
easy-rules;4857;29.98;17.00;825;5.09;4.00;213;1.31;1.00;1236;7.63;1.00
PLDroidPlayer;5878;40.26;10.00;566;3.88;1.00;184;1.26;1.00;1168;8.00;0.00
reflections;4782;24.27;8.00;546;2.77;1.00;227;1.15;1.00;2691;13.66;0.00
xpay;1449;69.00;37.00;135;6.43;5.00;21;1.00;1.00;1962;93.43;1.00
android-crop;1676;54.06;10.00;133;4.29;1.00;43;1.39;1.00;821;26.48;0.00
bottomsheet;2578;37.91;7.00;333;4.90;3.00;93;1.37;1.00;1881;27.66;0.00
FirebaseUI-Android;13829;47.85;29.00;2923;10.11;7.00;575;1.99;1.00;3575;12.37;1.00
ignite;1125231;53.40;14.00;117054;5.56;3.00;34825;1.65;1.00;9687364;459.75;0.00
Douya;44631;35.88;15.00;6971;5.60;4.00;2022;1.63;1.00;35327;28.40;1.00
quasar;52770;39.12;12.00;4569;3.39;2.00;2020;1.50;1.00;48560;36.00;0.00
XUI;90921;54.90;16.00;9493;5.73;3.00;2748;1.66;1.00;87339;52.74;1.00
NineOldAndroids;7585;54.96;11.00;592;4.29;2.00;198;1.43;1.00;4160;30.14;0.00
JGrowing;329;17.32;11.00;29;1.53;1.00;19;1.00;1.00;37;1.95;1.00
hudi;213570;64.21;26.00;29815;8.96;6.00;5292;1.59;1.00;180378;54.23;1.00
flink-cdc-connectors;49378;60.14;26.00;6292;7.66;4.00;1073;1.31;1.00;17811;21.69;0.00
SmoothProgressBar;2208;46.00;12.50;233;4.85;3.00;59;1.23;1.00;1263;26.31;0.00
dexposed;2414;67.06;19.00;105;2.92;2.00;61;1.69;1.00;2982;82.83;0.00
bilibili-android-client;38892;69.57;30.00;2751;4.92;3.00;1016;1.82;1.00;23920;42.79;3.00
rocketmq-externals;9956;39.35;24.00;1461;5.77;4.00;312;1.23;1.00;4091;16.17;0.00
ribbon;21788;30.69;10.00;3114;4.39;2.00;899;1.27;1.00;9498;13.38;0.00
Android-IMSI-Catcher-Detector;12171;48.49;15.00;1270;5.06;3.00;334;1.33;1.00;1246;4.96;0.00
android-times-square;2286;48.64;8.00;214;4.55;4.00;58;1.23;1.00;1216;25.87;0.00
mybatis;39118;37.65;17.00;3880;3.73;2.00;1355;1.30;1.00;22305;21.47;0.00
android-mvp-architecture;4049;27.73;12.00;849;5.82;3.00;202;1.38;1.00;2060;14.11;0.00
crawler4j;4736;57.06;32.00;438;5.28;4.00;109;1.31;1.00;4639;55.89;1.00
microservices-platform;8526;20.45;9.00;2566;6.15;5.00;518;1.24;1.00;2407;5.77;0.00
bisq;171341;48.43;19.00;26569;7.51;4.00;6346;1.79;1.00;109121;30.84;1.00
picocli;95117;32.96;5.00;8532;2.96;2.00;3214;1.11;1.00;173023;59.95;0.00
austin;5889;17.74;9.00;2071;6.24;5.00;374;1.13;1.00;463;1.39;0.00
SpringBoot-Shiro-Vue;633;23.44;13.00;156;5.78;6.00;38;1.41;1.00;255;9.44;0.00
querydsl;98628;30.52;12.00;16800;5.20;3.00;6423;1.99;1.00;138653;42.90;0.00
libsvm;3152;92.71;6.00;111;3.26;1.50;46;1.35;1.00;667;19.62;0.00
rstudio;220190;32.14;9.00;33686;4.92;2.00;8731;1.27;1.00;2344044;342.15;0.00
GT;55246;53.02;18.00;4038;3.88;2.00;1360;1.31;1.00;14356;13.78;0.00
BottomNavigation;2091;69.70;34.00;226;7.53;5.50;43;1.43;1.00;2078;69.27;4.50
LiTiaotiao-Custom-Rules;342;114.00;9.00;2;0.67;0.00;3;1.00;1.00;28;9.33;0.00
lwjgl3;878833;106.90;47.00;54740;6.66;6.00;19502;2.37;2.00;8576217;1043.21;66.00
Robust;2953;70.31;34.00;148;3.52;2.00;53;1.26;1.00;729;17.36;3.50
JustTrustMe;556;21.38;6.00;61;2.35;1.50;29;1.12;1.00;42;1.62;0.00
react-native-webrtc;3718;60.95;16.00;364;5.97;3.00;70;1.15;1.00;615;10.08;0.00
ticker;1581;51.00;27.00;143;4.61;4.00;41;1.32;1.00;856;27.61;0.00
JSON-java;10647;126.75;22.00;253;3.01;1.00;102;1.21;1.00;20348;242.24;1.00
jetcache;17476;40.17;17.00;2640;6.07;4.00;719;1.65;1.00;6897;15.86;0.00
DeepLinkDispatch;8549;341.96;14.00;155;6.20;5.00;37;1.48;1.00;2216;88.64;0.00
azkaban;93837;73.14;35.00;8304;6.47;4.00;1735;1.35;1.00;45983;35.84;1.00
android-volley;4965;37.61;20.00;672;5.09;3.00;250;1.89;1.00;2088;15.82;0.00
traccar;64909;37.80;13.00;9587;5.58;4.00;3278;1.91;2.00;9782;5.70;0.00
java-faker;6710;29.82;17.00;926;4.12;4.00;326;1.45;1.00;9168;40.75;0.00
novel;4417;22.54;9.50;850;4.34;2.00;210;1.07;1.00;4124;21.04;0.00
BGARefreshLayout-Android;5450;33.64;10.00;834;5.15;3.00;228;1.41;1.00;1587;9.80;1.00
java-algorithms-implementation;31758;72.34;31.00;1566;3.57;3.00;695;1.58;1.00;3095;7.05;0.00
graphhopper;94481;68.66;24.50;9358;6.80;4.00;1743;1.27;1.00;42827;31.12;0.00
GCViewer;20257;69.85;36.00;1525;5.26;4.00;629;2.17;1.00;14227;49.06;1.00
QR-Code-generator;1825;96.05;60.00;75;3.95;3.00;27;1.42;1.00;372;19.58;1.00
ImagePicker;3685;48.49;13.00;443;5.83;3.00;113;1.49;1.00;1754;23.08;0.00
QLExpress;12251;37.24;21.00;1373;4.17;3.00;515;1.57;1.00;4037;12.27;0.00
runelite;212626;96.74;17.00;13029;5.93;3.00;3024;1.38;1.00;83644;38.05;0.00
mockserver;65134;58.73;27.00;8066;7.27;5.00;1871;1.69;1.00;106267;95.82;1.00
AndroidHttpCapture;15905;50.02;18.50;1456;4.58;3.00;450;1.42;1.00;11730;36.89;0.00
objectbox-java;21962;61.18;16.00;1855;5.17;4.00;615;1.71;1.00;31540;87.86;0.00
android-autofittextview;470;58.75;15.00;43;5.38;4.00;11;1.38;1.00;326;40.75;1.50
MusicBot;3739;44.51;28.00;554;6.60;6.00;218;2.60;3.00;691;8.23;1.00
usb-serial-for-android;7153;130.05;29.00;360;6.55;6.00;74;1.35;1.00;1944;35.35;1.00
simplify;21150;68.01;36.00;2462;7.92;7.00;436;1.40;1.00;6451;20.74;0.00
small-spring;10379;27.68;10.00;1302;3.47;2.00;469;1.25;1.00;4764;12.70;0.00
moco;17382;30.44;15.00;3311;5.80;5.00;878;1.54;1.00;19882;34.82;1.00
epic;5127;34.41;12.00;481;3.23;3.00;242;1.62;1.00;4529;30.40;1.00
concurrent;0;0;0;0;0;0;0;0;0;0;0;0
NekoX;1098115;112.86;20.00;62287;6.40;3.00;16081;1.65;1.00;507006;52.11;0.00
ShineButton;988;41.17;13.50;116;4.83;2.00;39;1.62;1.00;567;23.62;0.00
tx-lcn;7772;35.01;12.00;1100;4.95;4.00;269;1.21;1.00;1407;6.34;0.00
sodium-fabric;13705;34.70;18.00;2294;5.81;4.00;447;1.13;1.00;4263;10.79;1.00
CircleIndicator;1712;38.04;24.00;293;6.51;5.00;73;1.62;2.00;383;8.51;1.00
dynamic-datasource;3901;30.48;20.50;653;5.10;4.00;152;1.19;1.00;311;2.43;0.00
javacpp;26035;135.60;58.50;1086;5.66;4.00;392;2.04;2.00;29897;155.71;0.00
CoordinatorTabLayout;473;27.82;11.00;90;5.29;3.00;24;1.41;1.00;160;9.41;0.00
JKeyboardPanelSwitch;1736;34.72;10.00;260;5.20;3.00;65;1.30;1.00;369;7.38;0.00
spring-cloud-gateway;35930;33.42;18.00;7371;6.86;5.00;1458;1.36;1.00;17072;15.88;1.00
shiro;36276;35.70;14.00;5077;5.00;3.00;1820;1.79;1.00;19821;19.51;1.00
java-eight-part;0;0;0;0;0;0;0;0;0;0;0;0
OpenHub;24549;37.42;11.00;4432;6.76;4.00;1071;1.63;1.00;21601;32.93;1.00
AndroidTutorialForBeginners;3957;30.67;15.00;582;4.51;4.00;193;1.50;1.00;354;2.74;0.00
Android-Touch-Helper;2257;41.04;12.00;227;4.13;3.00;65;1.18;1.00;107;1.95;0.00
BGABanner-Android;2123;40.06;12.00;265;5.00;3.00;84;1.58;2.00;1393;26.28;1.00
ForestBlog;2437;28.34;18.50;439;5.10;3.00;92;1.07;1.00;1091;12.69;0.00
java-learning;10984;14.59;12.00;817;1.08;1.00;969;1.29;1.00;449;0.60;0.00
StepView;906;47.68;27.00;111;5.84;7.00;33;1.74;2.00;238;12.53;0.00
AndroidWiFiADB;1096;36.53;15.50;86;2.87;2.00;45;1.50;1.00;364;12.13;0.00
FloatWindow;1473;33.48;13.00;166;3.77;2.00;56;1.27;1.00;428;9.73;1.00
Geyser;44271;47.71;22.00;7280;7.84;6.00;1918;2.07;2.00;29709;32.01;1.00
oshi;31481;51.95;26.00;3480;5.74;4.00;952;1.57;1.00;18536;30.59;1.00
Gadgetbridge;134269;56.42;18.00;13102;5.51;3.00;4187;1.76;1.00;91131;38.29;0.00
Tangram-Android;24338;42.40;10.00;3019;5.26;3.00;963;1.68;1.00;13323;23.21;0.00
micrometer;68385;41.85;18.00;9430;5.77;4.00;2105;1.29;1.00;29006;17.75;0.00
mini-spring;2472;16.59;8.00;508;3.41;2.00;182;1.22;1.00;757;5.08;0.00
DesignPattern;2603;13.21;8.00;500;2.54;2.00;252;1.28;1.00;281;1.43;0.00
killbill;147917;61.17;22.00;20976;8.67;6.00;4296;1.78;1.00;67420;27.88;1.00
frontend-maven-plugin;2936;34.95;23.00;438;5.21;3.00;146;1.74;1.00;519;6.18;1.00
LoadingDrawable;4428;68.12;13.00;423;6.51;4.00;94;1.45;1.00;1029;15.83;1.00
ExpandableTextView;552;36.80;15.00;77;5.13;4.00;26;1.73;1.00;177;11.80;0.00
ViewPagerCards;240;26.67;14.00;48;5.33;6.00;14;1.56;2.00;20;2.22;0.00
liquibase;93877;55.42;24.00;11054;6.53;4.00;3049;1.80;2.00;111953;66.09;3.00
Phoenix;976;40.67;12.00;104;4.33;2.50;40;1.67;1.00;181;7.54;0.00
wgcloud;6105;51.74;37.50;713;6.04;3.00;141;1.19;1.00;4500;38.14;21.00
jodd;26882;36.93;19.50;2907;3.99;3.00;1049;1.44;1.00;9427;12.95;0.00
jeepay;16505;31.20;17.00;4698;8.88;7.00;961;1.82;2.00;2284;4.32;0.00
calcite;329884;63.98;18.00;39407;7.64;5.00;9143;1.77;1.00;1615166;313.26;1.00
CC;4599;38.33;15.00;596;4.97;4.00;151;1.26;1.00;1958;16.32;0.00
Bolts-Android;5144;32.56;9.00;474;3.00;2.00;172;1.09;1.00;3004;19.01;0.00
keepass2android;66827;70.34;20.50;4225;4.45;3.00;1593;1.68;1.00;40156;42.27;1.00
BadgeView;1759;50.26;21.00;152;4.34;2.00;46;1.31;1.00;1746;49.89;0.00
TwinklingRefreshLayout;6273;41.54;12.00;647;4.28;2.00;207;1.37;1.00;5477;36.27;0.00
failsafe;10026;42.13;22.50;1520;6.39;6.00;491;2.06;1.00;4564;19.18;1.00
TelegramBots;17942;29.03;15.00;4719;7.64;7.00;1034;1.67;1.00;7381;11.94;0.00
mall4j;6706;17.42;8.00;2322;6.03;4.00;438;1.14;1.00;1568;4.07;0.00
opengrok;69128;63.02;25.00;5770;5.26;3.00;1792;1.63;1.00;86751;79.08;1.00
XCL-Charts;23397;71.55;38.00;2531;7.74;3.00;712;2.18;1.00;16037;49.04;4.00
greys-anatomy;10774;44.89;19.50;976;4.07;3.00;277;1.15;1.00;1625;6.77;0.00
RxJavaSamples;1001;18.89;8.00;241;4.55;3.00;74;1.40;1.00;85;1.60;0.00
--;26884;96.36;21.00;1227;4.40;3.00;350;1.25;1.00;139483;499.94;6.00
hawk;834;32.08;16.50;94;3.62;2.00;27;1.04;1.00;337;12.96;1.00
jitsi;196461;61.05;20.00;17500;5.44;3.00;6117;1.90;1.00;126665;39.36;0.00
flink-recommandSystem-demo;1835;23.83;16.00;287;3.73;3.00;83;1.08;1.00;493;6.40;1.00
malmo;19130;68.81;32.50;1960;7.05;5.00;596;2.14;2.00;3572;12.85;1.00
BigImageViewer;2513;29.92;11.00;387;4.61;3.00;108;1.29;1.00;1076;12.81;1.00
jstorm;296316;74.90;25.00;19929;5.04;4.00;5758;1.46;1.00;167632;42.37;1.00
tiny-spring;1543;14.56;11.00;327;3.08;2.00;122;1.15;1.00;251;2.37;0.00
android-iconify;909;21.14;11.00;151;3.51;3.00;53;1.23;1.00;223;5.19;1.00
jpexs-decompiler;280316;80.90;23.00;20787;6.00;3.00;6643;1.92;1.00;193265;55.78;1.00
aviatorscript;36324;72.50;18.00;2364;4.72;4.00;751;1.50;1.00;30941;61.76;1.00
open-location-code;2250;33.58;16.00;330;4.93;3.00;79;1.18;1.00;268;4.00;0.00
SmartCropper;1004;83.67;13.00;75;6.25;3.00;16;1.33;1.00;1470;122.50;0.00
OsmAnd;606332;110.93;22.00;44801;8.20;4.00;9169;1.68;1.00;536683;98.19;1.00
javassist;82714;75.19;12.00;3685;3.35;1.00;1705;1.55;1.00;48446;44.04;0.00
Conductor;5369;63.16;20.00;466;5.48;3.00;115;1.35;1.00;6134;72.16;0.00
GuideView;1246;35.60;13.00;131;3.74;2.00;48;1.37;1.00;288;8.23;1.00
JDA;54847;51.26;22.50;9101;8.51;6.00;2004;1.87;1.00;139057;129.96;3.00
dubbo-admin;9864;43.26;26.00;1047;4.59;2.00;315;1.38;1.00;5510;24.17;1.00
learning-spark;2295;17.26;7.00;376;2.83;2.00;135;1.02;1.00;239;1.80;0.00
ahbottomnavigation;2339;50.85;10.00;235;5.11;2.00;54;1.17;1.00;2644;57.48;0.00
Ant-Media-Server;80838;81.74;18.00;5600;5.66;2.00;1274;1.29;1.00;145486;147.10;1.00
h2database;228530;138.25;51.00;9924;6.00;4.00;3355;2.03;2.00;290715;175.87;3.00
bistoury;73638;54.11;23.00;6584;4.84;3.00;1741;1.28;1.00;29147;21.42;1.00
RichText;5185;39.28;11.50;564;4.27;2.00;191;1.45;1.00;1392;10.55;0.00
MaterialSearchView;1361;33.20;10.00;166;4.05;2.00;54;1.32;1.00;929;22.66;1.00
kestra;26419;29.06;13.00;7207;7.93;6.00;1392;1.53;1.00;8317;9.15;0.00
library;1770;14.39;9.00;835;6.79;5.00;128;1.04;1.00;668;5.43;0.00
LSPatch;7008;48.00;18.50;634;4.34;2.00;197;1.35;1.00;3486;23.88;0.00
CircleProgress;1451;58.04;24.00;144;5.76;6.00;42;1.68;2.00;2144;85.76;1.00
roboguice;74026;22.20;6.00;13165;3.95;3.00;4369;1.31;1.00;23771;7.13;0.00
MifareClassicTool;6598;199.94;68.00;362;10.97;9.00;75;2.27;3.00;3386;102.61;3.00
AutoX;51730;55.68;22.00;4826;5.19;3.00;1464;1.58;1.00;42785;46.05;1.00
maxwell;17509;57.03;27.00;1885;6.14;4.00;499;1.63;1.00;9876;32.17;0.00
jacoco;33936;38.39;17.00;3736;4.23;3.00;1267;1.43;1.00;11146;12.61;0.00
XposedInstaller;8980;44.24;10.00;992;4.89;2.00;288;1.42;1.00;1729;8.52;0.00
crate;437622;56.89;25.00;57065;7.42;5.00;12586;1.64;1.00;338348;43.98;1.00
Launcher3;60130;60.74;15.00;7168;7.24;3.00;1460;1.47;1.00;63044;63.68;0.00
SuperTextView;4002;46.53;5.00;262;3.05;2.00;100;1.16;1.00;12184;141.67;0.00
sofa-rpc;68457;47.41;19.00;7553;5.23;3.00;1926;1.33;1.00;36460;25.25;0.00
sticky-headers-recyclerview;808;27.86;8.00;134;4.62;2.00;37;1.28;1.00;94;3.24;0.00
MarqueeView;804;36.55;17.00;119;5.41;4.00;30;1.36;1.00;120;5.45;0.00
chunjun;92836;52.54;28.00;12672;7.17;4.00;2761;1.56;1.00;32031;18.13;1.00
FXGL;31730;49.27;16.00;3140;4.88;3.00;978;1.52;1.00;21018;32.64;1.00
DataMiningAlgorithm;11663;92.56;35.50;289;2.29;2.00;137;1.09;1.00;1255;9.96;0.00
spruce-android;4269;34.99;15.00;593;4.86;3.00;167;1.37;1.00;653;5.35;0.00
andOTP;8443;50.86;13.00;1014;6.11;3.00;249;1.50;1.00;6875;41.42;0.00
NoHttp;8428;36.96;14.00;1016;4.46;3.00;342;1.50;1.00;10408;45.65;1.00
xboot;10265;29.41;11.00;2588;7.42;6.00;423;1.21;1.00;927;2.66;0.00
XChange;156609;30.61;19.00;29796;5.82;4.00;7731;1.51;1.00;140096;27.38;0.00
Guns;328;17.26;11.00;133;7.00;6.00;26;1.37;1.00;180;9.47;0.00
spotless;33067;39.60;24.00;4232;5.07;4.00;1405;1.68;1.00;12791;15.32;1.00
effective-java-3e-source-code;3018;14.94;12.50;228;1.13;1.00;240;1.19;1.00;268;1.33;0.00
StylishMusicPlayer;5777;29.78;12.50;975;5.03;3.00;254;1.31;1.00;2564;13.22;0.00
CustomActivityOnCrash;893;59.53;21.00;81;5.40;4.00;20;1.33;1.00;485;32.33;0.00
ASimpleCache;1993;68.72;30.00;129;4.45;2.00;42;1.45;1.00;1117;38.52;0.00
mpush;15032;37.77;16.50;1883;4.73;3.00;535;1.34;1.00;9777;24.57;1.00
BackgroundLibrary;8029;67.47;16.00;570;4.79;4.00;144;1.21;1.00;4067;34.18;0.00
lilishop;41343;27.18;10.00;11539;7.59;5.00;2003;1.32;1.00;20884;13.73;0.00
blurkit-android;497;49.70;23.50;61;6.10;5.00;15;1.50;1.00;303;30.30;0.00
TinyPinyin;1399;21.52;7.00;132;2.03;1.00;71;1.09;1.00;569;8.75;0.00
LiveEventBus;7782;25.27;6.00;994;3.23;2.00;342;1.11;1.00;1243;4.04;0.00
openai-java;1948;17.71;8.00;540;4.91;3.00;124;1.13;1.00;885;8.05;0.00
megabasterd;19900;103.11;5.00;544;2.82;1.00;291;1.51;1.00;16200;83.94;0.00
atmosphere;41884;50.10;14.00;4863;5.82;4.00;1173;1.40;1.00;41082;49.14;1.00
ChatKit;4680;43.33;14.00;623;5.77;3.00;313;2.90;2.00;3832;35.48;0.00
rejoiner;3566;27.22;12.00;867;6.62;5.00;206;1.57;1.00;645;4.92;0.00
jetty.project;400078;51.33;15.00;41521;5.33;3.00;12198;1.57;1.00;219883;28.21;0.00
wvp-GB28181-pro;31271;74.28;37.00;3666;8.71;5.00;525;1.25;1.00;61844;146.90;1.00
android-common;6519;76.69;35.00;299;3.52;2.00;106;1.25;1.00;10570;124.35;1.00
serve;15022;70.20;30.50;1153;5.39;2.00;316;1.48;1.00;11370;53.13;3.00
logisim-evolution;156144;84.72;37.00;11088;6.02;4.00;4503;2.44;2.00;52377;28.42;1.00
DSBridge-Android;1841;39.17;6.00;140;2.98;2.00;52;1.11;1.00;751;15.98;0.00
emojicon;2971;76.18;13.00;201;5.15;4.00;61;1.56;1.00;264;6.77;0.00
SwipeDelMenuLayout;1085;27.12;7.00;124;3.10;2.00;50;1.25;1.00;208;5.20;0.00
ExplosionField;343;34.30;20.50;49;4.90;2.00;15;1.50;1.50;43;4.30;0.00
Skeleton;752;22.79;8.00;123;3.73;3.00;41;1.24;1.00;152;4.61;0.00
groupie;3898;41.91;15.00;474;5.10;3.00;170;1.83;1.00;2781;29.90;0.00
DropDownMenu;513;27.00;6.00;86;4.53;3.00;26;1.37;1.00;41;2.16;0.00
Infinity-For-Reddit;99614;65.02;15.00;10750;7.02;4.00;2470;1.61;1.00;42792;27.93;1.00
Play-with-Algorithms;5287;39.75;37.00;385;2.89;2.00;134;1.01;1.00;692;5.20;0.00
android-stackblur;933;22.76;5.00;73;1.78;0.00;45;1.10;1.00;24;0.59;0.00
IoT-Technical-Guide;5235;17.81;9.00;1201;4.09;3.00;367;1.25;1.00;930;3.16;0.00
parceler;10156;23.08;9.00;2065;4.69;3.00;594;1.35;1.00;7299;16.59;0.00
android;57875;81.06;24.00;6772;9.48;4.00;1260;1.76;1.00;48943;68.55;0.00
Linkage-RecyclerView;2552;34.03;27.00;480;6.40;5.00;116;1.55;1.00;779;10.39;1.00
db-tutorial;7940;46.98;13.00;814;4.82;4.00;192;1.14;1.00;4280;25.33;0.00
Terasology;111986;39.94;17.00;17167;6.12;4.00;4063;1.45;1.00;70455;25.13;0.00
Store;11288;38.92;14.00;1793;6.18;5.00;453;1.56;1.00;4946;17.06;1.00
databus;124341;82.02;26.00;8377;5.53;3.00;2057;1.36;1.00;70850;46.73;0.00
ThreeTenABP;117;16.71;17.00;30;4.29;4.00;10;1.43;1.00;10;1.43;0.00
floatingsearchview;4170;30.89;7.00;482;3.57;2.00;159;1.18;1.00;3548;26.28;0.00
MagicaSakura;5367;63.89;33.50;697;8.30;7.50;141;1.68;2.00;2137;25.44;3.00
retrolambda;4848;20.20;5.50;578;2.41;1.00;339;1.41;1.00;2161;9.00;0.00
RecyclerViewPager;2735;38.52;20.00;306;4.31;2.00;106;1.49;1.00;708;9.97;0.00
FlexibleAdapter;15853;48.63;16.00;1964;6.02;4.00;689;2.11;1.00;33353;102.31;1.00
poi-tl;22709;43.42;24.00;3352;6.41;4.00;631;1.21;1.00;46993;89.85;0.00
typedb;83289;67.50;29.00;11135;9.02;6.00;3457;2.80;1.00;38540;31.23;1.00
jmonkeyengine;193864;61.86;20.00;17870;5.70;3.00;5456;1.74;1.00;170194;54.31;0.00
GDA-android-reversing-Tool;567;35.44;21.50;41;2.56;2.50;16;1.00;1.00;918;57.38;0.00
kylin;128079;59.99;26.00;12181;5.71;3.00;3086;1.45;1.00;196140;91.87;1.00
hackpad;87731;141.73;33.00;3144;5.08;3.00;1118;1.81;1.00;94273;152.30;1.00
awaitility;5233;30.96;12.00;531;3.14;1.00;202;1.20;1.00;2353;13.92;0.00
DDComponentForAndroid;1449;28.41;12.00;158;3.10;2.00;67;1.31;1.00;342;6.71;0.00
ByteLegend;104032;352.65;140.00;2059;6.98;7.00;296;1.00;1.00;214714;727.84;20.00
netty-learning;68759;59.07;20.00;5894;5.06;4.00;1921;1.65;1.00;45686;39.25;1.00
IDDD_Samples;28475;43.74;30.00;3084;4.74;3.00;1083;1.66;1.00;17790;27.33;5.00
Music-Player;926;28.94;19.50;141;4.41;3.50;56;1.75;2.00;161;5.03;0.50
SwipeMenuListView;1347;40.82;12.00;145;4.39;2.00;48;1.45;1.00;503;15.24;1.00
AppUpdate;2925;45.70;13.00;284;4.44;3.00;74;1.16;1.00;2377;37.14;1.00
light-4j;61482;55.04;23.00;5055;4.53;3.00;1306;1.17;1.00;27757;24.85;0.00
hertzbeat;27420;50.13;14.00;3663;6.70;4.00;650;1.19;1.00;12027;21.99;0.00
GeekNews;11939;27.20;11.00;2030;4.62;2.00;635;1.45;1.00;4394;10.01;0.00
ipscan;12563;32.80;17.00;1908;4.98;3.00;638;1.67;1.00;1583;4.13;0.00
android-maps-utils;12047;60.23;37.00;1295;6.47;5.00;322;1.61;1.00;7224;36.12;1.00
AndServer;12029;56.21;23.50;1075;5.02;3.00;330;1.54;1.00;10283;48.05;1.00
djl;79687;57.08;31.00;9479;6.79;5.00;2169;1.55;1.00;169091;121.13;2.50
SeeWeather;3101;29.25;17.00;516;4.87;3.00;163;1.54;1.00;649;6.12;1.00
java-tron;138895;91.14;30.00;13502;8.86;7.00;2761;1.81;1.00;115419;75.73;1.00
vertx-examples;9509;24.26;20.00;1931;4.93;4.00;677;1.73;2.00;547;1.40;1.00
Android;1387;24.77;21.50;263;4.70;5.00;92;1.64;2.00;120;2.14;1.00
giffun;22397;46.86;15.50;2573;5.38;3.00;611;1.28;1.00;12112;25.34;1.00
java-developer-roadmap;5;5.00;5.00;0;0.00;0.00;1;1.00;1.00;0;0.00;0.00
undertow;157323;51.40;17.00;15697;5.13;3.00;3778;1.23;1.00;109721;35.84;0.00
SSM;12864;59.01;19.00;695;3.19;2.00;251;1.15;1.00;24155;110.80;2.00
AlgoDS;21217;29.88;25.00;950;1.34;1.00;713;1.00;1.00;1002;1.41;0.00
LoadSir;1481;20.01;12.50;384;5.19;3.00;115;1.55;1.50;297;4.01;0.00
android-priority-jobqueue;14102;37.21;13.00;1816;4.79;3.00;651;1.72;1.00;4108;10.84;0.00
react-native-share;1749;44.85;21.00;220;5.64;3.00;81;2.08;2.00;343;8.79;8.00
BottomNavigationViewEx;1371;47.28;13.00;142;4.90;3.00;46;1.59;1.00;1454;50.14;0.00
Alink;457998;58.17;13.00;51537;6.55;5.00;13237;1.68;1.00;280770;35.66;0.00
Android-Week-View;2003;74.19;13.00;98;3.63;2.00;34;1.26;1.00;6435;238.33;0.00
android-butterknife-zelezny;1626;39.66;17.00;202;4.93;3.00;68;1.66;1.00;464;11.32;0.00
NullAway;18567;37.36;11.00;2120;4.27;2.00;602;1.21;1.00;18988;38.21;0.00
leetcode-editor;13230;44.55;21.00;1865;6.28;4.00;515;1.73;1.00;6031;20.31;0.00
PreviewSeekBar;1166;50.70;11.00;130;5.65;2.00;27;1.17;1.00;648;28.17;1.00
NewbieGuide;1896;24.31;8.00;336;4.31;3.00;92;1.18;1.00;814;10.44;0.00
libstreaming;6798;76.38;29.00;318;3.57;2.00;126;1.42;1.00;2073;23.29;0.00
LQRWeChat;17612;45.63;20.00;1830;4.74;2.00;544;1.41;1.00;7309;18.94;1.00
Android-BluetoothKit;8347;34.63;12.00;982;4.07;2.00;301;1.25;1.00;4507;18.70;0.00
MyBatis-Spring-Boot;396;19.80;19.50;104;5.20;4.50;25;1.25;1.00;104;5.20;0.00
Pixiv-Shaft;36538;34.47;12.00;5097;4.81;3.00;1541;1.45;1.00;24362;22.98;0.00
allure2;7796;29.31;13.00;1612;6.06;4.00;354;1.33;1.00;2987;11.23;1.00
jackson-databind;152633;32.07;8.00;17774;3.73;2.00;9063;1.90;1.00;123144;25.87;0.00
iotdb;450296;84.71;34.00;39267;7.39;5.00;8197;1.54;1.00;538969;101.39;1.00
JCTools;34705;47.87;18.00;3328;4.59;3.00;2647;3.65;2.00;14300;19.72;0.00
pixel-dungeon;38623;46.03;25.00;4802;5.72;4.00;2135;2.54;2.00;10423;12.42;1.00
JavaEETest;2133;13.85;9.00;515;3.34;3.00;166;1.08;1.00;503;3.27;0.00
android-hidden-api;480;120.00;138.00;34;8.50;8.50;4;1.00;1.00;226;56.50;0.50
archi;2029;28.99;16.50;382;5.46;3.50;86;1.23;1.00;107;1.53;0.00
spring-boot-best-practice;1874;11.02;8.00;796;4.68;4.00;186;1.09;1.00;527;3.10;0.00
volley;9295;40.24;13.00;1199;5.19;2.00;392;1.70;1.00;2838;12.29;0.00
ScalingLayout;631;23.37;10.00;90;3.33;2.00;33;1.22;1.00;117;4.33;0.00
AutoDispose;5399;40.59;19.00;945;7.11;5.00;183;1.38;1.00;2762;20.77;1.00
immutables;67698;25.90;8.00;12255;4.69;3.00;3357;1.28;1.00;75083;28.72;0.00
screw;3941;28.98;19.00;678;4.99;3.00;184;1.35;1.00;713;5.24;0.00
bitcoin-wallet;18169;46.95;18.00;2885;7.45;4.00;663;1.71;1.00;2140;5.53;0.00
99-problems;2057;15.47;12.00;226;1.70;2.00;133;1.00;1.00;224;1.68;0.00
My-Blog;2411;41.57;30.00;276;4.76;3.00;61;1.05;1.00;1714;29.55;5.00
tablesaw;47824;63.60;23.00;4638;6.17;4.00;958;1.27;1.00;82256;109.38;1.00
actor-platform;134425;41.05;17.00;15944;4.87;3.00;4729;1.44;1.00;56451;17.24;0.00
RxAndroidBle;14992;32.73;10.50;2455;5.36;3.00;604;1.32;1.00;25213;55.05;0.00
sofa-jraft;145573;95.83;19.00;9387;6.18;3.00;2211;1.46;1.00;113258;74.56;1.00
BannerViewPager;3138;42.99;18.00;394;5.40;3.00;103;1.41;1.00;3392;46.47;0.00
http-request;4876;29.02;6.00;376;2.24;2.00;187;1.11;1.00;13189;78.51;0.00
guide-rpc-framework;1560;19.75;11.00;386;4.89;4.00;92;1.16;1.00;96;1.22;0.00
SuperTextView;4733;39.44;8.00;407;3.39;2.00;138;1.15;1.00;10390;86.58;0.00
ffmpeg-android-java;1306;27.79;13.00;137;2.91;1.00;68;1.45;1.00;363;7.72;1.00
AppManager;109643;85.06;32.00;10473;8.12;5.00;1884;1.46;1.00;100701;78.12;1.00
igniter;6122;34.59;10.00;807;4.56;2.00;216;1.22;1.00;2798;15.81;0.00
BubbleSeekBar;1958;65.27;12.00;147;4.90;2.00;39;1.30;1.00;2751;91.70;1.00
migration;101;8.42;8.00;17;1.42;1.00;12;1.00;1.00;1;0.08;0.00
dolby_beta;7301;39.46;23.00;765;4.14;4.00;269;1.45;1.00;1473;7.96;1.00
hope-boot;2870;23.72;13.00;686;5.67;4.00;153;1.26;1.00;759;6.27;0.00
LeafPic;13594;48.38;15.00;1700;6.05;3.00;410;1.46;1.00;6139;21.85;1.00
UETool;4165;36.86;13.00;634;5.61;4.00;197;1.74;1.00;900;7.96;0.00
jvm-serializers;31287;88.63;28.00;2111;5.98;5.00;600;1.70;1.00;16115;45.65;1.00
shopizer;53569;43.45;20.00;9791;7.94;4.00;2075;1.68;1.00;42123;34.16;2.00
CompreFace;7766;23.32;8.00;2615;7.85;6.00;552;1.66;1.00;1297;3.89;0.00
Android-Tips;177;25.29;21.00;7;1.00;0.00;7;1.00;1.00;4;0.57;1.00
android-saripaar;4723;31.91;17.50;776;5.24;3.00;280;1.89;2.00;1745;11.79;0.00
red5-server;60635;66.05;21.00;4932;5.37;3.00;1304;1.42;1.00;42959;46.80;1.00
ChipsLayoutManager;6101;25.85;11.00;1210;5.13;3.50;313;1.33;1.00;4097;17.36;0.00
Digital;75589;41.74;20.00;9118;5.03;4.00;3050;1.68;1.00;23727;13.10;0.00
jvm-tools;33602;54.20;20.00;2584;4.17;3.00;749;1.21;1.00;12523;20.20;0.00
LoganSquare;6892;35.90;15.00;741;3.86;3.00;336;1.75;1.00;1661;8.65;0.00
zotfile;0;0;0;0;0;0;0;0;0;0;0;0
brigadier;4037;49.84;29.00;536;6.62;5.00;94;1.16;1.00;3774;46.59;0.00
jfinal;32690;57.96;24.00;2589;4.59;3.00;839;1.49;1.00;43863;77.77;1.00
novel-plus;14633;37.23;24.00;2502;6.37;3.00;477;1.21;1.00;18159;46.21;0.00
GalleryFinal;7997;61.05;17.00;730;5.57;3.00;187;1.43;1.00;5965;45.53;1.00
initializr;29615;42.19;24.00;4231;6.03;4.00;890;1.27;1.00;22196;31.62;1.00
cobar;63193;57.92;19.00;5249;4.81;3.00;1840;1.69;1.00;43701;40.06;1.00
AndroidViewHover;712;37.47;9.00;68;3.58;2.00;23;1.21;1.00;1242;65.37;1.00
BlurView;708;25.29;8.00;151;5.39;2.50;42;1.50;1.00;161;5.75;2.00
RoaringBitmap;72301;121.51;26.00;3279;5.51;5.00;668;1.12;1.00;152698;256.64;1.00
boxing;5910;43.14;17.00;910;6.64;4.00;187;1.36;1.00;2865;20.91;1.00
drag-sort-listview;4301;54.44;12.00;312;3.95;2.00;140;1.77;1.00;2268;28.71;0.00
bundletool;51397;60.90;29.00;8171;9.68;7.00;1071;1.27;1.00;65795;77.96;6.00
librec;30216;63.08;24.00;3074;6.42;6.00;986;2.06;2.00;11807;24.65;1.00
WePush;22368;82.84;37.50;1855;6.87;3.00;432;1.60;1.00;6762;25.04;1.00
Cockroach;1562;27.40;10.00;184;3.23;3.00;67;1.18;1.00;190;3.33;0.00
network-connection-class;650;40.62;20.00;54;3.38;2.50;21;1.31;1.00;64;4.00;0.00
GsonFormat;5684;54.13;12.00;297;2.83;1.00;153;1.46;1.00;5766;54.91;0.00
PRDownloader;4709;29.43;9.00;374;2.34;1.00;167;1.04;1.00;1527;9.54;0.00
StickerCamera;14361;45.30;13.00;1289;4.07;2.00;591;1.86;1.00;11963;37.74;0.00
TextDrawable;824;45.78;21.00;102;5.67;3.00;25;1.39;1.00;188;10.44;0.00
ActionBar-PullToRefresh;3717;37.93;27.00;576;5.88;5.00;180;1.84;2.00;903;9.21;1.00
QNotified;35481;69.43;30.00;3069;6.01;4.00;833;1.63;1.00;24409;47.77;0.00
AndEngine;33585;42.09;18.00;2965;3.72;2.00;1320;1.65;1.00;43946;55.07;1.00
spotbugs;208518;43.25;14.00;16637;3.45;1.00;6639;1.38;1.00;131520;27.28;0.00
afinal;6971;79.22;25.00;374;4.25;2.00;129;1.47;1.00;7178;81.57;0.00
Java8InAction;3724;19.10;14.00;339;1.74;1.00;209;1.07;1.00;505;2.59;0.00
citypicker;6571;39.82;9.00;641;3.88;2.00;200;1.21;1.00;5077;30.77;0.00
VideoPlayerManager;4228;35.23;13.00;515;4.29;3.00;156;1.30;1.00;1183;9.86;0.00
native-navigation;4473;40.66;10.00;611;5.55;3.00;149;1.35;1.00;3233;29.39;0.00
Highlight;964;26.05;7.00;156;4.22;2.00;51;1.38;1.00;427;11.54;0.00
MyPerf4J;10326;33.64;18.00;1189;3.87;2.00;354;1.15;1.00;3198;10.42;0.00
requery;23679;33.35;10.00;3937;5.55;3.00;988;1.39;1.00;18743;26.40;0.00
animate;1706;32.81;21.00;357;6.87;6.00;104;2.00;2.00;215;4.13;1.00
android-mvp-mvvm-flytour;21364;39.64;11.00;1448;2.69;1.00;700;1.30;1.00;4971;9.22;0.00
android-adDialog;1607;36.52;11.00;176;4.00;2.50;53;1.20;1.00;740;16.82;0.00
AxonFramework;129098;38.55;15.00;20032;5.98;4.00;4366;1.30;1.00;53571;16.00;0.00
android;22657;44.25;14.00;2155;4.21;2.00;777;1.52;1.00;8014;15.65;0.00
RxEasyHttp;11670;32.87;9.00;1462;4.12;3.00;421;1.19;1.00;16946;47.74;0.00
lombok-intellij-plugin;37084;20.26;8.00;6192;3.38;2.00;2657;1.45;1.00;16853;9.21;0.00
CityPicker;1295;33.21;9.00;190;4.87;2.00;63;1.62;1.00;275;7.05;0.00
marshalsec;2207;30.65;15.50;525;7.29;6.00;131;1.82;1.00;1044;14.50;1.00
MarsDaemon;1010;27.30;8.00;142;3.84;2.00;49;1.32;1.00;178;4.81;0.00
JavaSourceCodeLearning;6045;19.07;13.00;905;2.85;2.00;399;1.26;1.00;995;3.14;0.00
ShadowLayout;2076;57.67;14.00;167;4.64;4.00;42;1.17;1.00;699;19.42;1.00
ftgo-application;6868;18.56;12.50;1978;5.35;3.00;440;1.19;1.00;3031;8.19;0.00
grpc-spring-boot-starter;8708;24.46;13.00;2408;6.76;6.00;532;1.49;1.00;1957;5.50;0.00
ShapeOfView;2078;45.17;19.50;238;5.17;3.00;83;1.80;2.00;1335;29.02;1.00
TableView;5170;48.32;21.00;712;6.65;4.00;174;1.63;1.00;6177;57.73;1.00
react-native-notifications;1567;30.73;14.00;294;5.76;4.00;69;1.35;1.00;560;10.98;1.00
booksource;4992;19.65;7.50;818;3.22;2.00;373;1.47;1.00;322;1.27;0.00
RecyclerViewItemAnimators;2088;35.39;17.00;294;4.98;3.00;93;1.58;1.00;231;3.92;1.00
RealtimeBlurView;676;45.07;26.00;95;6.33;4.00;27;1.80;1.00;87;5.80;0.00
ReLinker;1224;28.47;9.00;138;3.21;2.00;56;1.30;1.00;189;4.40;0.00
sofa-jarslink;948;28.73;22.00;118;3.58;3.00;38;1.15;1.00;70;2.12;0.00
unidbg;88419;51.86;14.00;8923;5.23;4.00;2725;1.60;1.00;46560;27.31;0.00
